DATE	CEU0500000002	CEU0500000003	CNP16OV	CPIAUCSL	CPILFESL	GS1	GS10	GS5	LFWA64TTUSM647S	LNU01000000	LNU03000000	LNU05000000	PCEPI	PCEPILFE	PCETRIM1M158SFRBDAL	POPTHM	STLPPM
1947-01-01				21.480													
1947-02-01				21.620													
1947-03-01				22.000													
1947-04-01				22.000													
1947-05-01				21.950													
1947-06-01				22.080													
1947-07-01				22.230													
1947-08-01				22.400													
1947-09-01				22.840													
1947-10-01				22.910													
1947-11-01				23.060													
1947-12-01				23.410													
1948-01-01			102603	23.680						58690	2351						
1948-02-01			102698	23.670						59247	2807						
1948-03-01			102771	23.500						59247	2646						
1948-04-01			102831	23.820						59878	2407						
1948-05-01			102923	24.010						59777	2014						
1948-06-01			102992	24.150						62132	2408						
1948-07-01			103216	24.400						62366	2411						
1948-08-01			103240	24.430						61915	2238						
1948-09-01			103291	24.360						61398	2061						
1948-10-01			103361	24.310						61037	1747						
1948-11-01			103424	24.160						61024	2033						
1948-12-01			103468	24.050						60759	2205						
1949-01-01			103529	24.010						59481	2995						
1949-02-01			103559	23.910						59794	3474						
1949-03-01			103665	23.910						60192	3383						
1949-04-01			103739	23.920						60206	3277						
1949-05-01			103845	23.910						61185	3516						
1949-06-01			103930	23.920						62197	3966						
1949-07-01			104042	23.700						62559	4388						
1949-08-01			104121	23.700						62460	3956						
1949-09-01			104219	23.750						61959	3635						
1949-10-01			104338	23.670						61838	3788						
1949-11-01			104421	23.700						62186	3570						
1949-12-01			104524	23.610						61402	3690						
1950-01-01			104619	23.510						60837	4648						
1950-02-01			104737	23.610						60988	4791						
1950-03-01			104844	23.640						61046	4313						
1950-04-01			104943	23.650						61477	3665						
1950-05-01			105014	23.770						61982	3263						
1950-06-01			105104	23.880						63548	3551						
1950-07-01			105194	24.070						63155	3316						
1950-08-01			105282	24.200						63561	2613						
1950-09-01			105269	24.340						62735	2490						
1950-10-01			105096	24.500						62763	2055						
1950-11-01			104979	24.600						62669	2356						
1950-12-01			104872	24.980						61761	2409						
1951-01-01			104844	25.380						60815	2649						
1951-02-01			104604	25.830						60640	2538						
1951-03-01			104629	25.880						61689	2323						
1951-04-01			104541	25.920						61144	1938						
1951-05-01			104491	25.990						61989	1770						
1951-06-01			104488	25.930						62505	2132						
1951-07-01			104504	25.910						63040	2072						
1951-08-01			104536	25.860						62934	1806						
1951-09-01			104588	26.030						62294	1886						
1951-10-01			104690	26.160						62660	1754						
1951-11-01			104740	26.320						62454	1990						
1951-12-01			104810	26.470						62048	1796						
1952-01-01			104862	26.450						61142	2258						
1952-02-01			104868	26.410						61174	2340						
1952-03-01			104860	26.390						60914	2002						
1952-04-01			104906	26.460						61068	1836						
1952-05-01			104996	26.470						62032	1782						
1952-06-01			105118	26.530						63020	2032						
1952-07-01			105246	26.680						62860	2085						
1952-08-01			105346	26.690						62790	1918						
1952-09-01			105436	26.630						62890	1728						
1952-10-01			105591	26.690						62472	1480						
1952-11-01			105706	26.690						62988	1594						
1952-12-01			105812	26.710						62293	1545						
1953-01-01			106594	26.640						62266	2132						
1953-02-01			106678	26.590						62235	1964						
1953-03-01			106744	26.630						62702	1828						
1953-04-01			106826	26.690		2.36	2.83	2.62		62521	1764						
1953-05-01			106910	26.700		2.48	3.05	2.87		62597	1536						
1953-06-01			106978	26.770		2.45	3.11	2.94		63898	1732						
1953-07-01			107034	26.790		2.38	2.93	2.75		63896	1710						
1953-08-01			107132	26.850		2.28	2.95	2.80		63783	1512						
1953-09-01			107253	26.890		2.20	2.87	2.71		63148	1619						
1953-10-01			107383	26.950		1.79	2.66	2.43		63377	1572						
1953-11-01			107504	26.850		1.67	2.68	2.42		63319	2017						
1953-12-01			107623	26.870		1.66	2.59	2.32		62430	2634						
1954-01-01			107763	26.940		1.41	2.48	2.17		62206	3561						
1954-02-01			107880	26.990		1.14	2.47	2.04		63042	3983						
1954-03-01			107987	26.930		1.13	2.37	1.93		63156	4037						
1954-04-01			108080	26.860		0.96	2.29	1.87		63383	3846						
1954-05-01			108184	26.930		0.85	2.37	1.92		63678	3658						
1954-06-01			108267	26.940		0.82	2.38	1.92		64178	3681						
1954-07-01			108344	26.860		0.84	2.30	1.85		64202	3679						
1954-08-01			108440	26.850		0.88	2.36	1.90		64328	3470						
1954-09-01			108546	26.810		1.03	2.38	1.96		64385	3433						
1954-10-01			108668	26.720		1.17	2.43	2.02		64139	2929						
1954-11-01			108798	26.780		1.14	2.48	2.09		64016	3115						
1954-12-01			108892	26.770		1.21	2.51	2.16		62999	3009						
1955-01-01			109059	26.770		1.39	2.61	2.32		63023	3669						
1955-02-01			109078	26.820		1.57	2.65	2.38		62905	3569						
1955-03-01			109254	26.790		1.59	2.68	2.48		63147	3297						
1955-04-01			109377	26.790		1.75	2.75	2.55		64023	3162						
1955-05-01			109544	26.770		1.90	2.76	2.56		64470	2690						
1955-06-01			109680	26.710		1.91	2.78	2.59		65461	2893						
1955-07-01			109792	26.760		2.02	2.90	2.72		66159	2662						
1955-08-01			109882	26.720		2.37	2.97	2.86		66412	2536						
1955-09-01			109977	26.850		2.36	2.97	2.85		66014	2338						
1955-10-01			110085	26.820		2.39	2.88	2.76		66422	2284						
1955-11-01			110177	26.880		2.48	2.89	2.81		66376	2536						
1955-12-01			110296	26.870		2.73	2.96	2.93		65869	2601						
1956-01-01			110390	26.830		2.58	2.90	2.84		65115	3066						
1956-02-01			110478	26.860		2.49	2.84	2.74		64865	3092						
1956-03-01			110582	26.890		2.61	2.96	2.93		65267	3095						
1956-04-01			110650	26.930		2.92	3.18	3.20		65712	2710						
1956-05-01			110810	27.030		2.94	3.07	3.08		66844	2799						
1956-06-01			110903	27.150		2.74	3.00	2.97		67886	3179						
1956-07-01			111019	27.290		2.76	3.11	3.12		67924	2984						
1956-08-01			111099	27.310		3.10	3.33	3.41		67552	2467						
1956-09-01			111222	27.350		3.35	3.38	3.47		67104	2273						
1956-10-01			111335	27.510		3.28	3.34	3.40		67165	2091						
1956-11-01			111432	27.510		3.44	3.49	3.56		66909	2599						
1956-12-01			111526	27.630		3.68	3.59	3.70		66279	2660						
1957-01-01			111626	27.670	28.500	3.37	3.46	3.47		65180	3206						
1957-02-01			111711	27.800	28.600	3.38	3.34	3.39		65597	3085						
1957-03-01			111824	27.860	28.700	3.42	3.41	3.46		65956	2822						
1957-04-01			111933	27.930	28.800	3.49	3.48	3.53		66139	2627						
1957-05-01			112031	28.000	28.800	3.48	3.60	3.64		66848	2635						
1957-06-01			112172	28.110	28.900	3.65	3.80	3.83		68258	3131						
1957-07-01			112317	28.190	29.000	3.81	3.93	4.00		68569	2843						
1957-08-01			112421	28.280	29.000	4.01	3.93	4.00		67535	2526						
1957-09-01			112554	28.320	29.100	4.07	3.92	4.03		67272	2503						
1957-10-01			112710	28.320	29.200	4.01	3.97	4.08		67577	2465						
1957-11-01			112874	28.410	29.300	3.57	3.72	3.72		67256	3127						
1957-12-01			113013	28.470	29.300	3.18	3.21	3.08		66930	3332						
1958-01-01			113138	28.640	29.300	2.65	3.09	2.88		65972	4464						
1958-02-01			113234	28.700	29.400	1.99	3.05	2.78		66381	5116						
1958-03-01			113337	28.870	29.500	1.84	2.98	2.64		66722	5155						
1958-04-01			113415	28.940	29.500	1.45	2.88	2.46		67180	5064						
1958-05-01			113534	28.940	29.500	1.37	2.92	2.41		67930	4832						
1958-06-01			113647	28.910	29.600	1.23	2.97	2.46		68875	5223						
1958-07-01			113727	28.890	29.600	1.61	3.20	2.77		68908	5098						
1958-08-01			113835	28.940	29.600	2.50	3.54	3.29		68625	4607						
1958-09-01			113977	28.910	29.700	3.05	3.76	3.69		67824	4058						
1958-10-01			114138	28.910	29.700	3.19	3.80	3.78		68230	3750						
1958-11-01			114283	28.950	29.800	3.10	3.74	3.70		67675	3785						
1958-12-01			114429	28.970	29.900	3.29	3.86	3.82		67334	4068						
1959-01-01			114582	29.010	29.900	3.36	4.02	4.01		66730	4678		16.074	16.727		175818	
1959-02-01			114712	29.000	29.900	3.54	3.96	3.96		66713	4698		16.089	16.740		176044	
1959-03-01			114849	28.970	30.000	3.61	3.99	3.99		67389	4298		16.100	16.759		176274	
1959-04-01			114986	28.980	30.000	3.72	4.12	4.12		67799	3558		16.132	16.801		176503	
1959-05-01			115144	29.040	30.100	3.96	4.31	4.35		68363	3327		16.140	16.822		176723	
1959-06-01			115287	29.110	30.200	4.07	4.34	4.50		69704	3780		16.186	16.871		176954	
1959-07-01			115429	29.150	30.200	4.39	4.40	4.58		69798	3605		16.220	16.911		177208	
1959-08-01			115555	29.180	30.200	4.42	4.43	4.57		69244	3347		16.244	16.938		177479	
1959-09-01			115668	29.250	30.300	5.00	4.68	4.90		68609	3195		16.286	16.983		177755	
1959-10-01			115798	29.350	30.400	4.80	4.53	4.72		69122	3231		16.326	17.012		178026	
1959-11-01			115916	29.350	30.400	4.81	4.53	4.75		68513	3636		16.336	17.043		178273	
1959-12-01			116040	29.410	30.500	5.14	4.69	5.01		68448	3521		16.355	17.069		178504	
1960-01-01			116594	29.370	30.500	5.03	4.72	4.92		67494	4119		16.346	17.073		178925	
1960-02-01			116702	29.410	30.600	4.66	4.49	4.69		67757	3886		16.363	17.105		179326	
1960-03-01			116827	29.410	30.600	4.02	4.25	4.31		67771	4164		16.372	17.107		179707	
1960-04-01			116910	29.540	30.600	4.04	4.28	4.29		69057	3607		16.432	17.138		180067	
1960-05-01			117033	29.570	30.600	4.21	4.35	4.49		69722	3380		16.449	17.166		180408	
1960-06-01			117167	29.610	30.700	3.36	4.15	4.12		71460	4172		16.456	17.176		180728	
1960-07-01			117281	29.550	30.600	3.20	3.90	3.79		71123	3884		16.485	17.206		181028	
1960-08-01			117431	29.610	30.600	2.95	3.80	3.62		70715	3711		16.513	17.231		181308	
1960-09-01			117521	29.610	30.600	3.07	3.80	3.61		70207	3315		16.523	17.244		181567	
1960-10-01			117643	29.750	30.800	3.04	3.89	3.76		70100	3537		16.542	17.255		181807	
1960-11-01			117829	29.780	30.800	3.08	3.93	3.81		70361	3967		16.598	17.301		182026	
1960-12-01			118001	29.810	30.700	2.86	3.84	3.67		69757	4470		16.601	17.295		182225	
1961-01-01			118155	29.840	30.800	2.81	3.84	3.67		69132	5335		16.604	17.300		182404	
1961-02-01			118250	29.840	30.800	2.93	3.78	3.66		69523	5654		16.620	17.317		182631	
1961-03-01			118358	29.840	30.900	2.88	3.74	3.60		70123	5423		16.610	17.322		182867	
1961-04-01			118503	29.810	30.900	2.88	3.78	3.57		69844	4887		16.600	17.346		183105	
1961-05-01			118638	29.840	30.900	2.87	3.71	3.47		70502	4671		16.609	17.369		183335	
1961-06-01			118767	29.840	31.000	3.06	3.88	3.81		72464	5313		16.617	17.395		183572	
1961-07-01			118889	29.920	31.000	2.92	3.92	3.84		71872	4961		16.653	17.422		183825	
1961-08-01			119006	29.940	31.100	3.06	4.04	3.96		71468	4440		16.667	17.440		184101	
1961-09-01			119107	29.980	31.100	3.06	3.98	3.90		70070	4034		16.686	17.475		184384	
1961-10-01			119202	29.980	31.100	3.05	3.92	3.80		70649	3863		16.685	17.481		184654	
1961-11-01			119153	29.980	31.200	3.07	3.94	3.82		70289	3941		16.686	17.483		184900	
1961-12-01			119214	30.010	31.200	3.18	4.06	3.91		69572	4041		16.690	17.499		185129	
1962-01-01			119300	30.040	31.200	3.28	4.08	3.94		68836	4621		16.721	17.519		185347	
1962-02-01			119360	30.110	31.200	3.28	4.04	3.89		69353	4481		16.767	17.548		185551	
1962-03-01			119476	30.170	31.300	3.06	3.93	3.68		69744	4323		16.789	17.589		185762	
1962-04-01			119702	30.210	31.300	2.99	3.84	3.60		69820	3863		16.808	17.593		185981	
1962-05-01			119813	30.240	31.400	3.03	3.87	3.66		70658	3592		16.818	17.617		186201	
1962-06-01			119943	30.210	31.400	3.03	3.91	3.64		72071	4219		16.829	17.649		186426	
1962-07-01			120128	30.220	31.400	3.29	4.01	3.80		71678	3829		16.819	17.664		186664	
1962-08-01			120323	30.280	31.500	3.20	3.98	3.71		71938	3842		16.844	17.667		186924	
1962-09-01			120653	30.420	31.500	3.06	3.98	3.70		71076	3455		16.927	17.702		187191	
1962-10-01			120856	30.380	31.500	2.98	3.93	3.64		71084	3234		16.909	17.701		187449	
1962-11-01			121045	30.380	31.500	3.00	3.92	3.60		70772	3726		16.922	17.713		187685	
1962-12-01			121236	30.380	31.600	3.01	3.86	3.56		70345	3760		16.914	17.718		187905	
1963-01-01			121463	30.440	31.500	3.04	3.83	3.58		69795	4627		16.956	17.753		188113	
1963-02-01			121633	30.480	31.600	3.01	3.92	3.66		70389	4870		16.974	17.773		188300	
1963-03-01			121824	30.510	31.700	3.03	3.93	3.68		70771	4442		16.961	17.783		188484	
1963-04-01			121986	30.480	31.700	3.11	3.97	3.74		71233	3993		16.960	17.805		188685	
1963-05-01			122162	30.510	31.700	3.12	3.93	3.72		71933	3949		16.987	17.837		188904	
1963-06-01			122352	30.610	31.800	3.20	3.99	3.81		73398	4554		17.024	17.868		189130	
1963-07-01			122521	30.690	31.800	3.48	4.02	3.89		73365	4140		17.058	17.884		189369	
1963-08-01			122667	30.750	31.900	3.53	4.00	3.89		72807	3755		17.081	17.900		189629	
1963-09-01			122821	30.720	31.900	3.57	4.08	3.96		72037	3470		17.078	17.932		189895	
1963-10-01			123014	30.750	32.000	3.64	4.11	3.97		72358	3394		17.111	17.972		190147	
1963-11-01			123192	30.780	32.000	3.74	4.12	4.01		72329	3858		17.135	17.989		190369	
1963-12-01			123360	30.880	32.100	3.81	4.13	4.04		71579	3788		17.161	18.014		190570	
1964-01-01			123560	30.940	32.200	3.79	4.17	4.07		70986	4518		17.197	18.039		190763	
1964-02-01			123707	30.910	32.200	3.78	4.15	4.03		71658	4461		17.221	18.074		190953	
1964-03-01			123857	30.940	32.200	3.91	4.22	4.14		71920	4225		17.231	18.090		191146	
1964-04-01			124019	30.950	32.200	3.91	4.23	4.15		72778	3831		17.245	18.107		191346	
1964-05-01			124204	30.980	32.200	3.84	4.20	4.05		73480	3528		17.246	18.123		191557	
1964-06-01			124386	31.010	32.300	3.83	4.17	4.02		74901	4453		17.271	18.136		191778	
1964-07-01			124567	31.020	32.300	3.72	4.19	4.03		74514	3675		17.293	18.154		192010	
1964-08-01			124731	31.050	32.300	3.74	4.19	4.05		74227	3551		17.306	18.177		192254	
1964-09-01			124920	31.080	32.300	3.84	4.20	4.08		73111	3262		17.333	18.185		192504	
1964-10-01			125108	31.120	32.400	3.86	4.19	4.07		73345	3198		17.343	18.192		192739	
1964-11-01			125291	31.210	32.500	3.91	4.15	4.04		73210	3318		17.368	18.218		192943	
1964-12-01			125468	31.250	32.500	4.02	4.18	4.09		72952	3409		17.393	18.244		193131	
1965-01-01			125647	31.280	32.600	3.94	4.19	4.10		72177	3942		17.412	18.268		193308	
1965-02-01			125810	31.280	32.600	4.03	4.21	4.15		72862	4172		17.419	18.291		193467	
1965-03-01			125985	31.310	32.600	4.06	4.21	4.15		73084	3699		17.442	18.301		193625	
1965-04-01			126155	31.380	32.700	4.04	4.20	4.15		73712	3492		17.469	18.323		193799	
1965-05-01			126320	31.480	32.700	4.03	4.21	4.15		74512	3214		17.508	18.357		193988	
1965-06-01			126499	31.610	32.700	3.99	4.21	4.15		76335	4057		17.559	18.352		194195	
1965-07-01			126573	31.580	32.700	3.98	4.20	4.15		76522	3429		17.572	18.370		194416	
1965-08-01			126756	31.550	32.700	4.07	4.25	4.20		75860	3165		17.576	18.405		194645	
1965-09-01			126906	31.620	32.800	4.20	4.29	4.25		74250	2842		17.584	18.427		194879	
1965-10-01			127043	31.650	32.800	4.30	4.35	4.34		74821	2709		17.590	18.420		195096	
1965-11-01			127171	31.750	32.900	4.37	4.45	4.46		74712	2888		17.620	18.455		195284	
1965-12-01			127294	31.850	33.000	4.72	4.62	4.72		74605	2786		17.684	18.511		195456	
1966-01-01			127394	31.880	33.000	4.88	4.61	4.86		73612	3244		17.704	18.516		195614	
1966-02-01			127514	32.080	33.100	4.94	4.83	4.98		73800	3109		17.778	18.562		195760	
1966-03-01			127626	32.180	33.100	4.97	4.87	4.92		74080	2990		17.821	18.585		195915	
1966-04-01			127744	32.280	33.300	4.90	4.75	4.83		74796	2730		17.883	18.651		196089	
1966-05-01			127879	32.350	33.400	4.93	4.78	4.89		75412	2793		17.905	18.701		196275	
1966-06-01			127983	32.380	33.500	4.97	4.81	4.97		77629	3592		17.950	18.762		196466	
1966-07-01			128102	32.450	33.600	5.17	5.02	5.17		77705	3050		17.984	18.817		196661	
1966-08-01			128240	32.650	33.700	5.54	5.22	5.50		77486	2821		18.053	18.852		196873	
1966-09-01			128359	32.750	33.800	5.82	5.18	5.50		75751	2503		18.110	18.909		197096	
1966-10-01			128494	32.850	34.000	5.58	5.01	5.27		76209	2465		18.158	18.971		197303	
1966-11-01			128627	32.880	34.000	5.54	5.16	5.36		76574	2579		18.185	19.019		197485	
1966-12-01			128730	32.920	34.100	5.20	4.84	5.00		76255	2655		18.222	19.077		197654	
1967-01-01			128909	32.900	34.200	4.75	4.58	4.70		75320	3159		18.224	19.095		197814	
1967-02-01			129032	33.000	34.200	4.71	4.63	4.74		75689	3184		18.245	19.129		197965	
1967-03-01			129190	33.000	34.300	4.35	4.54	4.54		75514	2954		18.255	19.158		198122	
1967-04-01			129344	33.100	34.400	4.11	4.59	4.51		76109	2664		18.285	19.211		198287	
1967-05-01			129515	33.100	34.500	4.15	4.85	4.75		76096	2458		18.320	19.253		198452	
1967-06-01			129722	33.300	34.600	4.48	5.02	5.01		79021	3628		18.379	19.302		198627	
1967-07-01			129918	33.400	34.700	5.01	5.16	5.23		79469	3249		18.441	19.368		198812	
1967-08-01			130187	33.500	34.900	5.13	5.28	5.31		79112	2942		18.499	19.427		199012	
1967-09-01			130392	33.600	35.000	5.24	5.30	5.40		77527	2895		18.555	19.496		199212	
1967-10-01			130582	33.700	35.100	5.37	5.48	5.57		78132	2952		18.606	19.569		199405	
1967-11-01			130754	33.900	35.200	5.61	5.75	5.78		78121	2903		18.668	19.631		199578	
1967-12-01			130936	34.000	35.400	5.71	5.70	5.75		78057	2720		18.698	19.679		199733	
1968-01-01			131112	34.100	35.500	5.43	5.53	5.54		76346	3074		18.784	19.766		199864	
1968-02-01			131277	34.200	35.700	5.41	5.56	5.59		77401	3287		18.861	19.852		199988	
1968-03-01			131412	34.300	35.800	5.58	5.74	5.76		77446	2929		18.923	19.931		200132	
1968-04-01			131553	34.400	35.900	5.71	5.64	5.69		77634	2491		18.982	20.004		200285	
1968-05-01			131712	34.500	36.000	6.14	5.87	6.04		78235	2304		19.052	20.080		200449	
1968-06-01			131872	34.700	36.200	5.98	5.72	5.85		80888	3615		19.113	20.158		200621	
1968-07-01			132053	34.900	36.400	5.65	5.50	5.60		80965	3217		19.171	20.225		200802	
1968-08-01			132251	35.000	36.500	5.43	5.42	5.50		80203	2772		19.250	20.304		200997	
1968-09-01			132446	35.100	36.700	5.45	5.46	5.48		78546	2607		19.317	20.387		201193	
1968-10-01			132617	35.300	36.900	5.57	5.58	5.55		78875	2510		19.402	20.469		201378	
1968-11-01			132903	35.400	37.100	5.75	5.70	5.66		79184	2576		19.467	20.546		201544	
1968-12-01			133120	35.600	37.200	6.19	6.03	6.12		79117	2418		19.508	20.609		201691	
1969-01-01			133324	35.700	37.300	6.34	6.04	6.25		78232	2875		19.584	20.687		201821	
1969-02-01			133465	35.800	37.600	6.41	6.19	6.34		79103	2923		19.633	20.757		201952	
1969-03-01			133639	36.100	37.800	6.34	6.30	6.41		79267	2747		19.726	20.854		202092	
1969-04-01			133821	36.300	38.100	6.26	6.17	6.30		79619	2542		19.812	20.935		202246	
1969-05-01			134027	36.400	38.100	6.42	6.32	6.54		79565	2300		19.892	21.018		202419	
1969-06-01			134213	36.600	38.300	7.04	6.57	6.75		82357	3399		19.989	21.091		202592	
1969-07-01			134414	36.800	38.500	7.60	6.72	7.01		82797	3182		20.076	21.189		202777	
1969-08-01			134597	36.900	38.700	7.54	6.69	7.03		82516	2870		20.132	21.249		202984	
1969-09-01			134774	37.100	38.900	7.82	7.16	7.57		80984	2958		20.216	21.334		203196	
1969-10-01			135012	37.300	39.100	7.64	7.10	7.51		81511	2840		20.285	21.425		203401	
1969-11-01			135239	37.500	39.200	7.89	7.14	7.53		81427	2711		20.372	21.507		203588	
1969-12-01			135489	37.700	39.400	8.17	7.65	7.96		81416	2627		20.465	21.587		203762	
1970-01-01			135713	37.900	39.600	8.10	7.79	8.17		80719	3406		20.539	21.659		203929	
1970-02-01			135957	38.100	39.800	7.59	7.24	7.82		81283	3794		20.620	21.742		204082	
1970-03-01			136179	38.300	40.100	6.97	7.07	7.21		81689	3732		20.672	21.823		204246	
1970-04-01			136416	38.500	40.400	7.06	7.39	7.50		81960	3552		20.776	21.909		204504	
1970-05-01			136686	38.600	40.500	7.75	7.91	7.97		81758	3385		20.842	21.986		204719	
1970-06-01			136928	38.800	40.800	7.55	7.84	7.85		84087	4671		20.896	22.066		204941	
1970-07-01			137196	38.900	40.900	7.10	7.46	7.59		84857	4514		20.973	22.149		205174	
1970-08-01			137455	39.000	41.100	6.98	7.53	7.57		84191	4226		21.028	22.226		205418	
1970-09-01			137717	39.200	41.300	6.73	7.39	7.29		82641	4300		21.122	22.319		205664	
1970-10-01			137988	39.400	41.500	6.43	7.33	7.12		83288	4269		21.227	22.429		205906	
1970-11-01			138264	39.600	41.800	5.51	6.84	6.47		83478	4618		21.310	22.544		206131	
1970-12-01			138529	39.800	42.000	5.00	6.39	5.95		83301	4650		21.405	22.658		206352	
1971-01-01			138795	39.900	42.100	4.57	6.24	5.89		82818	5429		21.450	22.747		206567	
1971-02-01			139021	39.900	42.200	3.89	6.11	5.56		82885	5458		21.513	22.834		206762	
1971-03-01			139285	40.000	42.200	3.69	5.70	5.00		82866	5190		21.584	22.907		206960	
1971-04-01			139566	40.100	42.400	4.30	5.83	5.65		83116	4712		21.669	22.992		207163	
1971-05-01			139826	40.300	42.600	5.04	6.39	6.28		83344	4415		21.759	23.093		207361	
1971-06-01			140090	40.500	42.800	5.64	6.52	6.53		85228	5511		21.855	23.184		207562	
1971-07-01			140343	40.600	42.900	6.04	6.73	6.85		86296	5354		21.921	23.273		207771	
1971-08-01			140596	40.700	43.000	5.80	6.58	6.55		85984	5086		21.985	23.305		207998	
1971-09-01			140869	40.800	43.000	5.41	6.14	6.14		84456	4867		22.018	23.344		208230	
1971-10-01			141146	40.900	43.100	4.91	5.93	5.93		84974	4599		22.052	23.381		208450	
1971-11-01			141393	41.000	43.200	4.67	5.81	5.78		85374	4846		22.097	23.433		208648	
1971-12-01			141666	41.100	43.300	4.60	5.93	5.69		85255	4728		22.184	23.507		208829	
1972-01-01			142736	41.200	43.500	4.28	5.95	5.59		84940	5481		22.275	23.607		208989	
1972-02-01			143017	41.400	43.600	4.27	6.08	5.69		85180	5446		22.363	23.671		209137	
1972-03-01			143263	41.400	43.600	4.67	6.07	5.87		85828	5250		22.395	23.717		209299	
1972-04-01			143483	41.500	43.800	4.96	6.19	6.17		85759	4732		22.429	23.772		209466	
1972-05-01			143760	41.600	43.900	4.64	6.13	5.85		86028	4382		22.478	23.828		209635	
1972-06-01			144033	41.700	44.000	4.93	6.11	5.91		88540	5467		22.513	23.875		209811	
1972-07-01			144285	41.800	44.100	4.96	6.11	5.97		89127	5216		22.593	23.944		209986	
1972-08-01			144522	41.900	44.300	4.98	6.21	6.02		88894	4901		22.659	23.994		210177	
1972-09-01			144761	42.100	44.300	5.52	6.55	6.25		87242	4705		22.760	24.075		210379	
1972-10-01			144988	42.200	44.400	5.52	6.48	6.18		87741	4518		22.786	24.088		210568	
1972-11-01			145211	42.400	44.400	5.27	6.28	6.12		87548	4317		22.854	24.152		210739	
1972-12-01			145446	42.500	44.600	5.52	6.36	6.16		87593	4169		22.927	24.225		210903	
1973-01-01			145720	42.700	44.600	5.89	6.46	6.34		86327	4730		22.996	24.240		211053	
1973-02-01			145943	43.000	44.800	6.19	6.64	6.60		87303	4898		23.117	24.316		211187	
1973-03-01			146230	43.400	45.000	6.85	6.71	6.80		87961	4564		23.280	24.414		211337	
1973-04-01			146459	43.700	45.100	6.85	6.67	6.67		88127	4227		23.454	24.556		211499	
1973-05-01			146719	43.900	45.300	6.89	6.85	6.80		88238	3855		23.569	24.651		211662	
1973-06-01			146981	44.200	45.400	7.31	6.90	6.69		91124	4907		23.704	24.757		211828	
1973-07-01			147233	44.200	45.500	8.39	7.13	7.33		91655	4613		23.790	24.863		212001	
1973-08-01			147471	45.000	45.700	8.82	7.40	7.63		90888	4273		24.064	24.979		212191	
1973-09-01			147731	45.200	46.000	8.31	7.09	7.05		89782	4230		24.160	25.105		212382	
1973-10-01			147980	45.600	46.300	7.40	6.79	6.77		90547	3830		24.296	25.202		212555	
1973-11-01			148219	45.900	46.500	7.57	6.73	6.92		90690	4127		24.495	25.324		212710	
1973-12-01			148479	46.300	46.700	7.27	6.74	6.80		90520	4130		24.697	25.464		212859	
1974-01-01			148753	46.800	46.900	7.42	6.99	6.95		89924	5081		24.934	25.589		213003	
1974-02-01			148982	47.300	47.200	6.88	6.96	6.82		90273	5212		25.224	25.753		213143	
1974-03-01			149225	47.800	47.600	7.76	7.21	7.31		90486	4826		25.517	25.953		213286	
1974-04-01			149478	48.100	47.900	8.62	7.51	7.92		90366	4372		25.697	26.147		213437	
1974-05-01			149750	48.600	48.500	8.78	7.58	8.18		90830	4219		25.950	26.398		213600	
1974-06-01			150012	49.000	49.000	8.67	7.54	8.10		93481	5459		26.170	26.670		213770	
1974-07-01			150248	49.300	49.500	8.80	7.81	8.38		94238	5341		26.363	26.906		213948	
1974-08-01			150493	49.900	50.200	9.36	8.04	8.63		93446	4967		26.639	27.165		214144	
1974-09-01			150753	50.600	50.700	8.87	8.04	8.37		92449	5287		26.916	27.409		214349	
1974-10-01			151009	51.000	51.200	8.05	7.90	7.97		92909	5131		27.108	27.623		214538	
1974-11-01			151256	51.500	51.600	7.66	7.68	7.68		92638	5775		27.312	27.825		214704	
1974-12-01			151494	51.900	52.000	7.31	7.43	7.31		92368	6199		27.528	28.021		214857	
1975-01-01			151755	52.300	52.300	6.83	7.50	7.41		92200	8272	59555	27.698	28.185		214998	
1975-02-01			151990	52.600	52.800	5.98	7.39	7.11		91972	8399	60018	27.849	28.384		215132	
1975-03-01			152217	52.800	53.000	6.11	7.73	7.30		92464	8446	59753	27.943	28.533		215276	
1975-04-01			152443	53.000	53.300	6.90	8.23	7.99		92459	7908	59984	28.039	28.671		215438	
1975-05-01			152704	53.100	53.500	6.39	8.06	7.72		92888	7715	59816	28.150	28.793		215646	
1975-06-01			152976	53.500	53.800	6.29	7.86	7.51		95174	8667	57801	28.326	28.933		215871	
1975-07-01			153309	54.000	54.000	7.11	8.06	7.92		96053	8311	57256	28.569	29.112		216084	
1975-08-01			153580	54.200	54.200	7.70	8.40	8.33		95525	7799	58055	28.693	29.212		216294	
1975-09-01			153848	54.600	54.500	7.75	8.43	8.37		94023	7624	59825	28.835	29.371		216490	
1975-10-01			154082	54.900	54.800	6.95	8.14	7.97		94510	7350	59573	29.003	29.517		216679	
1975-11-01			154338	55.300	55.200	6.49	8.05	7.80		94041	7341	60298	29.189	29.713		216851	
1975-12-01			154589	55.600	55.500	6.60	8.00	7.76		93995	7307	60594	29.350	29.893		217013	
1976-01-01			154853	55.800	55.900	5.81	7.74	7.46		93938	8286	60916	29.462	30.046		217172	
1976-02-01			155066	55.900	56.200	5.91	7.79	7.45		94075	8143	60991	29.500	30.166		217315	
1976-03-01			155306	56.000	56.500	6.21	7.73	7.49		94400	7631	60906	29.544	30.266		217455	
1976-04-01			155529	56.100	56.700	5.92	7.56	7.25		94782	6996	60746	29.611	30.384		217607	
1976-05-01			155765	56.400	57.000	6.40	7.90	7.59		94925	6415	60840	29.752	30.527		217773	
1976-06-01			156027	56.700	57.200	6.52	7.86	7.61		97499	7772	58528	29.882	30.651		217948	
1976-07-01			156276	57.000	57.600	6.20	7.83	7.49		98605	7697	57672	30.033	30.820		218134	
1976-08-01			156525	57.300	57.900	6.00	7.77	7.31		98133	7443	58392	30.199	30.997		218337	
1976-09-01			156779	57.600	58.200	5.84	7.59	7.13		96430	7148	60349	30.369	31.179		218542	
1976-10-01			156993	57.900	58.500	5.50	7.41	6.75		96999	6958	59997	30.528	31.332		218739	
1976-11-01			157235	58.100	58.700	5.29	7.29	6.52		97116	7224	60120	30.667	31.475		218920	
1976-12-01			157438	58.400	58.900	4.89	6.87	6.10		97004	7154	60434	30.839	31.645		219093	
1977-01-01			157688	58.700	59.300	5.29	7.21	6.58	135239596.99775900	96197	7980	61491	31.017	31.838		219262	
1977-02-01			157913	59.300	59.700	5.47	7.39	6.83	135434968.52648200	96837	8237	61074	31.260	32.033	7.01	219424	
1977-03-01			158131	59.600	60.000	5.50	7.46	6.93	135639772.21105500	97277	7680	60855	31.417	32.169	6.44	219594	
1977-04-01			158371	60.000	60.300	5.44	7.37	6.79	135778704.58788200	97352	6692	61019	31.600	32.329	4.75	219772	
1977-05-01			158657	60.200	60.600	5.84	7.46	6.94	136110731.04612702	97755	6280	60900	31.760	32.494	5.75	219953	
1977-06-01			158929	60.500	61.000	5.80	7.28	6.76	136273260.36411900	100743	7589	58185	31.937	32.687	6.23	220143	
1977-07-01			159185	60.800	61.200	5.94	7.33	6.84	136560877.75714898	100960	7081	58226	32.103	32.890	5.69	220349	
1977-08-01			159430	61.100	61.500	6.37	7.40	7.03	136705266.68479702	100744	6897	58687	32.253	33.051	6.20	220573	
1977-09-01			159674	61.300	61.800	6.53	7.34	7.04	136886253.47007298	99367	6579	60308	32.374	33.190	4.93	220796	
1977-10-01			159915	61.600	62.000	6.97	7.52	7.32	137163704.34801200	100144	6365	59771	32.524	33.351	4.63	221007	
1977-11-01			160129	62.000	62.300	6.95	7.58	7.34	137300792.36765500	100522	6495	59607	32.712	33.524	6.59	221206	
1977-12-01			160377	62.300	62.700	6.96	7.69	7.48	137431500.31630400	100213	6031	60163	32.870	33.697	5.53	221390	
1978-01-01			160617	62.700	63.100	7.28	7.96	7.77	137650878.05347800	99664	7048	60953	33.064	33.899	4.71	221553	
1978-02-01			160831	63.000	63.400	7.34	8.03	7.83	137895757.75327300	99641	6886	61190	33.218	34.029	5.45	221711	
1978-03-01			161038	63.400	63.800	7.31	8.04	7.86	138048655.33613400	100166	6621	60872	33.433	34.213	6.13	221892	
1978-04-01			161263	63.900	64.300	7.45	8.15	7.98	138163062.25898800	100610	5826	60653	33.686	34.435	6.73	222084	
1978-05-01			161518	64.500	64.700	7.82	8.35	8.18	138350144.53657200	101092	5605	60426	33.927	34.637	7.99	222278	
1978-06-01			161795	65.000	65.200	8.09	8.46	8.36	138593312.81163500	104010	6481	57783	34.149	34.831	6.44	222482	
1978-07-01			162034	65.500	65.600	8.39	8.64	8.54	138837568.29496700	104512	6597	57521	34.336	35.035	6.62	222697	
1978-08-01			162259	65.900	66.100	8.31	8.41	8.33	138967832.27056600	103946	6090	58313	34.509	35.224	6.73	222933	
1978-09-01			162502	66.500	66.700	8.64	8.42	8.43	139170899.34768498	102748	5958	59754	34.706	35.426	7.09	223168	
1978-10-01			162783	67.100	67.200	9.14	8.64	8.61	139394974.52973002	103474	5624	59309	34.981	35.686	8.59	223383	
1978-11-01			163017	67.500	67.600	10.01	8.81	8.84	139563222.89147300	103586	5797	59432	35.180	35.878	7.86	223585	
1978-12-01			163272	67.900	68.000	10.30	9.01	9.08	139775411.13128600	103565	5896	59706	35.345	36.018	6.27	223781	
1979-01-01			163516	68.500	68.500	10.41	9.10	9.20	140010736.42897800	102802	6602	60714	35.611	36.203	8.50	223973	
1979-02-01			163726	69.200	69.200	10.24	9.10	9.13	140224685.47076797	103185	6649	60542	35.802	36.321	7.67	224150	
1979-03-01			164027	69.900	69.800	10.25	9.12	9.20	140433764.64804700	103606	6325	60420	36.081	36.530	6.58	224333	
1979-04-01			164162	70.600	70.300	10.12	9.18	9.25	140492248.82304300	103198	5720	60964	36.457	36.867	6.77	224529	
1979-05-01			164459	71.400	70.800	10.12	9.25	9.24	140732940.46801600	103476	5419	60982	36.835	37.187	9.12	224734	
1979-06-01			164721	72.200	71.300	9.57	8.91	8.85	141075121.90389198	106210	6409	58510	37.138	37.396	6.98	224948	
1979-07-01			164970	73.000	71.900	9.64	8.95	8.90	141188968.49719900	107096	6282	57874	37.422	37.583	7.88	225174	
1979-08-01			165198	73.700	72.700	9.98	9.03	9.06	141350074.87528598	106489	6315	58708	37.708	37.833	8.96	225419	
1979-09-01			165431	74.400	73.300	10.84	9.33	9.41	141458743.86918100	105510	5978	59921	38.041	38.091	8.47	225662	
1979-10-01			165813	75.200	74.000	12.44	10.30	10.63	141675051.01269400	106084	5964	59729	38.351	38.369	9.74	225893	
1979-11-01			166051	76.000	74.800	12.39	10.65	10.93	141883227.02468100	105871	5964	60181	38.617	38.615	7.78	226120	
1979-12-01			166300	76.900	75.700	11.98	10.39	10.42	142013894.29351503	106040	6027	60259	38.942	38.892	8.13	226339	
1980-01-01			166544	78.000	76.700	12.06	10.80	10.74	142285122.98519400	105344	7234	61199	39.349	39.187	9.81	226554	
1980-02-01			166759	79.000	77.500	13.92	12.41	12.60	142426746.56137100	105412	7177	61347	39.776	39.578	10.11	226753	
1980-03-01			166984	80.100	78.600	15.82	12.75	13.47	142647944.65200600	105510	6983	61474	40.264	39.945	9.47	226955	
1980-04-01			167197	80.900	79.500	13.30	11.47	11.84	142880984.63463202	105592	7023	61604	40.475	40.150	6.28	227156	
1980-05-01			167407	81.700	80.100	9.39	10.18	9.95	143322210.25703698	106233	7501	61173	40.790	40.473	9.14	227387	
1980-06-01			167643	82.500	81.000	8.16	9.78	9.21	143628620.24802000	108311	8481	59332	41.047	40.742	8.89	227624	
1980-07-01			167932	82.600	80.800	8.65	10.25	9.53	143762483.09615900	109268	8603	58664	41.365	41.028	6.53	227840	
1980-08-01			168103	83.200	81.300	10.24	11.10	10.84	144031971.26697100	108404	8202	59699	41.711	41.325	8.53	228070	
1980-09-01			168297	83.900	82.100	11.52	11.51	11.62	144031224.66516400	106989	7655	61309	42.096	41.714	9.66	228302	
1980-10-01			168503	84.700	83.000	12.49	11.75	11.86	144076865.72423398	107673	7674	60830	42.434	42.058	8.59	228515	
1980-11-01			168695	85.600	83.900	14.15	12.68	12.83	144210149.16873100	107532	7682	61163	42.779	42.389	8.61	228696	
1980-12-01			168883	86.400	84.900	14.88	12.84	13.25	144230299.13447100	107009	7430	61874	43.057	42.644	8.14	228858	
1981-01-01			169104	87.200	85.400	14.08	12.57	12.77	144337437.91736400	106885	8746	62218	43.470	43.013	9.20	229004	
1981-02-01			169280	88.000	85.900	14.57	13.19	13.41	144423459.27686098	107015	8614	62264	43.910	43.328	10.16	229148	
1981-03-01			169453	88.600	86.400	13.71	13.12	13.41	144554627.51443002	107634	8271	61819	44.216	43.568	7.24	229314	
1981-04-01			169641	89.100	87.000	14.32	13.68	13.99	144677333.31933100	107906	7561	61735	44.409	43.847	7.41	229489	
1981-05-01			169829	89.700	87.800	16.20	14.10	14.63	144942638.93401600	108586	7731	61243	44.609	44.148	6.95	229668	
1981-06-01			170042	90.500	88.600	14.86	13.47	13.95	145401614.94872698	109904	8485	60137	44.787	44.369	5.92	229864	
1981-07-01			170246	91.500	89.800	15.72	14.28	14.79	145387565.67376402	110742	8130	59504	45.057	44.636	6.82	230077	
1981-08-01			170399	92.200	90.700	16.72	14.94	15.56	145509971.63543501	110099	7947	60300	45.338	44.936	7.47	230300	
1981-09-01			170593	93.100	91.800	16.52	15.32	15.93	145546758.93781800	108273	7884	62320	45.613	45.230	7.36	230527	
1981-10-01			170809	93.400	92.100	15.38	15.15	15.41	145776216.55635500	109244	8216	61565	45.820	45.499	6.20	230732	
1981-11-01			170996	93.800	92.500	12.41	13.39	13.38	146003599.24059698	109179	8676	61818	46.065	45.765	6.09	230906	
1981-12-01			171166	94.100	93.000	12.85	13.72	13.60	146190228.81926700	108574	9013	62592	46.208	45.934	5.02	231073	
1982-01-01			171335	94.400	93.300	14.32	14.59	14.65	146040669.41883300	108014	10183	63321	46.483	46.216	5.39	231235	
1982-02-01			171489	94.700	93.800	14.73	14.43	14.54	146104341.89534602	108324	10378	63165	46.622	46.395	4.70	231392	
1982-03-01			171667	94.700	93.900	13.95	13.86	13.98	146253648.32978300	108761	10290	62906	46.742	46.597	5.10	231558	
1982-04-01			171844	95.000	94.700	13.98	13.87	14.00	146501319.57675900	108814	9957	63030	46.766	46.781	3.33	231727	
1982-05-01			172026	95.900	95.400	13.34	13.62	13.75	146723831.00772800	109914	9957	62113	47.043	47.037	5.92	231901	
1982-06-01			172190	97.000	96.100	14.07	14.30	14.43	146967195.28443000	111569	10886	60621	47.384	47.273	5.52	232090	
1982-07-01			172364	97.500	96.700	13.24	13.95	14.07	147022597.43419800	112526	11036	59838	47.665	47.579	7.11	232290	
1982-08-01			172511	97.700	97.100	11.43	13.06	13.00	147160355.64587802	111887	10710	60624	47.813	47.798	4.21	232496	
1982-09-01			172690	97.700	97.200	10.85	12.34	12.25	147337746.24199300	110546	10695	62144	47.946	47.975	3.09	232708	
1982-10-01			172881	98.100	97.500	9.32	10.91	10.80	147566231.63581702	110767	10942	62114	48.215	48.279	5.33	232905	
1982-11-01			173058	98.000	97.300	9.16	10.55	10.38	147677595.27219298	110855	11476	62203	48.359	48.458	2.72	233077	
1982-12-01			173199	97.700	97.200	8.91	10.54	10.22	147859610.46935803	110477	11628	62722	48.432	48.612	2.97	233241	
1983-01-01			173354	97.900	97.600	8.62	10.46	10.03	147401321.75370000	109779	12517	63575	48.659	48.945	5.70	233398	
1983-02-01			173505	98.000	98.000	8.92	10.72	10.26	147518600.84328900	109647	12382	63858	48.741	49.126	3.87	233543	
1983-03-01			173656	98.100	98.200	9.04	10.51	10.08	147825045.47041300	109873	11879	63784	48.804	49.188	2.29	233697	
1983-04-01			173794	98.800	98.600	8.98	10.40	10.02	148157603.89963400	109875	11035	63919	49.027	49.337	4.96	233852	
1983-05-01			173953	99.200	98.900	8.90	10.38	10.03	148338178.39462900	110308	10765	63644	49.166	49.408	3.15	234020	
1983-06-01			174125	99.400	99.200	9.66	10.85	10.63	148189750.61765800	113383	11570	60742	49.349	49.639	3.38	234213	
1983-07-01			174306	99.800	99.800	10.20	11.38	11.21	148377920.59210998	113980	10707	60326	49.627	49.973	3.80	234404	
1983-08-01			174440	100.100	100.100	10.53	11.85	11.63	148522834.24545700	113578	10411	60862	49.840	50.231	3.14	234601	
1983-09-01			174602	100.400	100.500	10.16	11.65	11.43	148691104.22839900	112197	9830	62405	50.014	50.434	4.19	234804	
1983-10-01			174779	100.800	101.000	9.81	11.54	11.28	148872469.72885900	112042	9383	62737	50.099	50.523	2.57	234993	
1983-11-01			174951	101.100	101.500	9.94	11.69	11.41	148892695.37562498	112147	9129	62804	50.170	50.641	4.09	235157	
1983-12-01			175121	101.400	101.800	10.11	11.83	11.54	149037972.72045103	111795	8992	63326	50.198	50.679	2.45	235310	
1984-01-01			175533	102.100	102.500	9.90	11.67	11.37	149135779.29780300	111025	9755	64508	50.416	50.848	5.15	235456	
1984-02-01			175679	102.600	102.800	10.04	11.84	11.54	149264197.69837300	111368	9407	64311	50.755	51.168	4.54	235601	
1984-03-01			175824	102.900	103.200	10.59	12.32	12.02	149432076.03488500	111828	9057	63996	50.922	51.362	4.06	235757	
1984-04-01			175969	103.300	103.700	10.90	12.63	12.37	149611438.79268602	112152	8525	63817	51.115	51.604	4.84	235916	
1984-05-01			176123	103.500	104.100	11.66	13.41	13.17	149687490.41723800	113251	8154	62873	51.180	51.724	2.20	236077	
1984-06-01			176284	103.700	104.500	12.08	13.56	13.48	149807874.86602598	115393	8582	60891	51.271	51.845	3.47	236254	
1984-07-01			176440	104.100	105.000	12.03	13.36	13.27	149963395.81614600	116198	8714	60242	51.455	52.069	4.90	236449	
1984-08-01			176583	104.400	105.400	11.82	12.72	12.68	150080953.09612098	115076	8382	61507	51.613	52.241	4.12	236655	
1984-09-01			176763	104.700	105.800	11.58	12.52	12.53	150271082.35935300	113843	8051	62920	51.683	52.321	4.01	236868	
1984-10-01			176956	105.100	106.200	10.90	12.16	12.06	150340355.19325700	114250	7989	62706	51.805	52.438	3.46	237068	
1984-11-01			177135	105.300	106.400	9.82	11.57	11.33	150471964.74650902	114115	7869	63020	51.877	52.549	2.07	237238	
1984-12-01			177306	105.500	106.800	9.33	11.50	11.07	150689144.87520600	114028	7978	63278	52.023	52.757	3.77	237392	
1985-01-01			177384	105.700	107.100	9.02	11.38	10.93	150529257.71393800	113475	9131	63909	52.283	53.053	3.34	237535	
1985-02-01			177516	106.300	107.700	9.29	11.51	11.13	150679142.19066802	113592	8902	63924	52.527	53.328	5.68	237667	
1985-03-01			177667	106.800	108.100	9.86	11.86	11.52	150803279.89299200	114394	8625	63273	52.732	53.515	4.02	237816	
1985-04-01			177799	107.000	108.400	9.14	11.43	11.01	150938668.02797700	114325	8150	63474	52.808	53.579	2.39	237987	
1985-05-01			177944	107.200	108.800	8.46	10.85	10.34	150991921.95112100	114890	8011	63054	52.934	53.764	3.15	238172	
1985-06-01			178096	107.500	109.100	7.80	10.16	9.60	151284342.84222803	116572	8753	61524	53.078	53.941	4.19	238368	
1985-07-01			178263	107.700	109.400	7.86	10.31	9.70	151295934.44179100	117536	8682	60727	53.208	54.099	2.43	238573	
1985-08-01			178405	107.900	109.800	8.05	10.33	9.81	151398039.47739700	116679	8051	61726	53.384	54.364	3.98	238789	
1985-09-01			178572	108.100	110.000	8.07	10.37	9.81	151485001.54446500	115850	7984	62721	53.474	54.477	3.55	239006	
1985-10-01			178770	108.500	110.500	8.01	10.24	9.69	151629564.13283798	116346	7917	62425	53.563	54.564	2.96	239210	
1985-11-01			178940	109.000	111.100	7.88	9.78	9.28	151770811.63005600	116097	7815	62843	53.719	54.698	3.91	239392	
1985-12-01			179112	109.500	111.400	7.67	9.26	8.73	151940647.76567098	115780	7717	63332	53.900	54.847	3.86	239558	
1986-01-01			179670	109.900	111.900	7.73	9.19	8.68	152277490.01144000	115431	8472	64239	54.148	55.143	4.51	239713	
1986-02-01			179821	109.700	112.200	7.61	8.70	8.34	152451585.14538300	115725	9041	64096	54.148	55.286	2.70	239858	
1986-03-01			179985	109.100	112.500	7.03	7.78	7.46	152597306.23252300	116309	8667	63675	54.029	55.454	1.72	240011	
1986-04-01			180148	108.700	112.900	6.44	7.30	7.05	152759556.94713500	116317	8115	63831	53.918	55.554	3.02	240183	
1986-05-01			180311	109.000	113.100	6.65	7.71	7.52	152924346.03381900	117199	8158	63112	54.017	55.649	2.33	240365	
1986-06-01			180503	109.400	113.400	6.73	7.80	7.64	153051555.74616700	119644	8775	60859	54.218	55.816	3.97	240555	
1986-07-01			180682	109.500	113.800	6.27	7.30	7.06	153143071.23004300	120303	8471	60379	54.231	55.917	2.79	240753	
1986-08-01			180828	109.600	114.200	5.93	7.17	6.80	153290367.32191700	119471	7955	61357	54.300	56.032	2.94	240961	
1986-09-01			180997	110.000	114.600	5.77	7.45	6.92	153449201.35691800	118244	8015	62752	54.477	56.216	3.75	241171	
1986-10-01			181186	110.200	115.000	5.72	7.43	6.83	153575928.36117900	118699	7842	62487	54.575	56.407	3.77	241371	
1986-11-01			181363	110.400	115.300	5.80	7.25	6.76	153746305.95977598	118623	7872	62740	54.673	56.526	3.02	241544	
1986-12-01			181547	110.800	115.600	5.87	7.11	6.67	153805757.23398600	118049	7461	63498	54.746	56.599	3.08	241702	
1987-01-01			181827	111.400	115.900	5.78	7.08	6.64	153835481.75151800	117703	8620	64124	55.002	56.733	4.89	241857	
1987-02-01			181998	111.800	116.200	5.96	7.25	6.79	154050168.50179100	117967	8503	64031	55.195	56.847	3.37	242005	
1987-03-01			182179	112.200	116.600	6.03	7.25	6.79	154189066.33144802	118353	8124	63826	55.341	57.015	3.99	242166	
1987-04-01			182344	112.700	117.300	6.50	8.02	7.57	154348134.48681800	118347	7306	63997	55.547	57.257	5.01	242338	
1987-05-01			182533	113.000	117.700	7.00	8.61	8.26	154528087.52354500	119695	7318	62838	55.688	57.417	3.34	242516	
1987-06-01			182703	113.500	117.900	6.80	8.40	8.02	154686130.15704000	121153	7655	61550	55.899	57.575	3.26	242706	
1987-07-01			182885	113.800	118.300	6.68	8.45	8.01	154721616.39491800	122105	7453	60779	56.028	57.724	2.72	242908	
1987-08-01			183002	114.300	118.700	7.03	8.76	8.32	154822666.97691200	121614	7088	61388	56.250	57.918	4.71	243118	
1987-09-01			183161	114.700	119.200	7.67	9.42	8.94	154922928.21508400	119884	6857	63277	56.439	58.148	3.42	243335	
1987-10-01			183311	115.000	119.800	7.59	9.52	9.08	155028468.33131897	120744	6845	62567	56.618	58.396	3.97	243543	
1987-11-01			183470	115.400	120.100	6.96	8.86	8.35	155187456.89306300	120611	6802	62859	56.726	58.519	2.95	243724	
1987-12-01			183620	115.600	120.400	7.17	8.99	8.45	155250431.42298000	120206	6526	63414	56.831	58.642	1.91	243895	
1988-01-01			183822	116.000	120.900	6.99	8.67	8.18	155404739.29681998	119742	7603	64079	57.051	58.919	4.81	244056	
1988-02-01			183969	116.200	121.200	6.64	8.21	7.71	155484525.95020600	119942	7482	64026	57.135	59.040	2.84	244205	
1988-03-01			184111	116.500	121.700	6.71	8.37	7.83	155622395.03875800	119957	7090	64154	57.332	59.292	3.80	244362	
1988-04-01			184232	117.200	122.300	7.01	8.72	8.19	155638077.53518200	120264	6359	63968	57.611	59.581	4.40	244528	
1988-05-01			184374	117.500	122.700	7.40	9.09	8.58	155841383.37761500	120775	6553	63599	57.778	59.784	3.11	244708	
1988-06-01			184562	118.000	123.200	7.49	8.92	8.49	155976514.49470900	123028	6819	61534	58.024	60.036	4.51	244914	
1988-07-01			184729	118.500	123.600	7.75	9.06	8.66	156066857.34916902	123888	6823	60841	58.306	60.281	4.90	245131	
1988-08-01			184830	119.000	124.000	8.17	9.26	8.94	156132484.60073500	123396	6659	61434	58.479	60.430	3.98	245352	
1988-09-01			184962	119.500	124.700	8.09	8.98	8.69	156287930.31127000	121842	6368	63119	58.764	60.755	5.33	245579	
1988-10-01			185114	119.900	125.200	8.11	8.80	8.51	156426492.59697500	122432	6182	62682	58.956	60.986	3.40	245789	
1988-11-01			185244	120.300	125.600	8.48	8.96	8.79	156520019.90445500	122639	6325	62605	59.092	61.153	3.47	245970	
1988-12-01			185402	120.700	126.000	8.99	9.11	9.09	156641023.03543898	122120	6142	63282	59.277	61.356	3.63	246140	
1989-01-01			185644	121.200	126.500	9.05	9.09	9.15	156745887.46068100	122095	7309	63549	59.581	61.666	5.31	246301	
1989-02-01			185777	121.600	126.900	9.25	9.17	9.27	156823903.60430900	121906	6883	63871	59.779	61.823	3.97	246454	
1989-03-01			185897	122.200	127.400	9.57	9.36	9.51	156860677.36665800	122223	6378	63674	60.002	62.008	3.92	246626	
1989-04-01			186024	123.100	127.800	9.36	9.18	9.30	156920305.20283200	122576	6229	63448	60.402	62.215	4.38	246814	
1989-05-01			186181	123.700	128.300	8.98	8.86	8.91	156981802.79488200	123196	6156	62985	60.622	62.401	4.10	247010	
1989-06-01			186329	124.100	128.800	8.44	8.28	8.29	156999062.72514200	125569	6850	60760	60.755	62.567	3.14	247228	
1989-07-01			186483	124.500	129.200	7.89	8.02	7.83	157139874.02832100	126238	6736	60245	60.900	62.728	3.85	247458	
1989-08-01			186598	124.500	129.500	8.18	8.11	8.09	157271068.80461702	125444	6352	61155	60.907	62.816	2.95	247695	
1989-09-01			186726	124.800	129.900	8.22	8.19	8.17	157659351.33097300	123828	6330	62899	61.043	63.034	3.44	247942	
1989-10-01			186871	125.400	130.600	7.99	8.01	7.97	157682106.25410400	124416	6222	62455	61.281	63.262	5.10	248174	
1989-11-01			187017	125.900	131.100	7.77	7.87	7.81	157813463.03789200	124664	6495	62353	61.415	63.430	3.28	248380	
1989-12-01			187165	126.300	131.600	7.72	7.84	7.75	157925908.41204998	123998	6300	63167	61.593	63.611	3.87	248569	
1990-01-01			188413	127.500	132.100	7.92	8.21	8.12	159246604.23925900	124358	7413	64055	62.060	63.856	4.23	248743	0.71566695
1990-02-01			188516	128.000	132.700	8.11	8.47	8.42	159382636.99759200	124487	7296	64029	62.333	64.166	3.59	248920	0.58410660
1990-03-01			188630	128.600	133.500	8.35	8.59	8.60	159418594.66433302	124838	6852	63792	62.568	64.474	5.46	249146	0.68179131
1990-04-01			188778	128.900	134.000	8.40	8.79	8.77	159535551.48340300	124837	6620	63941	62.699	64.666	3.84	249436	0.82854950
1990-05-01			188913	129.100	134.400	8.32	8.76	8.74	159593256.74303500	125682	6533	63231	62.840	64.864	2.91	249707	0.82750541
1990-06-01			189058	129.900	135.100	8.10	8.48	8.43	159719990.31882600	127407	6884	61651	63.118	65.116	4.80	249990	0.85054181
1990-07-01			189188	130.500	135.800	7.94	8.47	8.33	159807451.81512398	128019	7137	61169	63.274	65.280	4.05	250285	0.81375529
1990-08-01			189342	131.600	136.600	7.78	8.75	8.44	159973844.70759800	127105	7008	62238	63.695	65.552	5.13	250595	0.75194196
1990-09-01			189528	132.500	137.100	7.76	8.89	8.51	160222899.06064900	125785	7003	63743	64.086	65.781	3.34	250904	0.88158263
1990-10-01			189710	133.400	137.600	7.55	8.72	8.33	160237797.11962600	126067	6892	63644	64.453	66.004	3.70	251201	0.95606703
1990-11-01			189872	133.700	138.000	7.31	8.39	8.02	160492311.02194900	125858	7396	64013	64.534	66.083	1.75	251486	0.83306115
1990-12-01			190017	134.200	138.600	7.05	8.08	7.73	160678198.06838600	125635	7525	64382	64.595	66.176	3.37	251758	0.82654445
1991-01-01			190163	134.700	139.500	6.64	8.09	7.70	160536747.45575800	124623	8787	65540	64.840	66.506	3.96	252012	0.84390429
1991-02-01			190271	134.800	140.200	6.27	7.85	7.47	160713707.07445198	125061	9121	65209	64.873	66.689	2.45	252253	0.82352813
1991-03-01			190381	134.800	140.500	6.40	8.11	7.77	160921100.52425200	125435	8995	64946	64.887	66.828	1.96	252507	0.70943085
1991-04-01			190517	135.100	140.900	6.24	8.04	7.70	160967721.27136600	125698	8226	64819	65.004	66.961	2.83	252778	0.73481268
1991-05-01			190650	135.600	141.300	6.13	8.07	7.70	161132891.37328202	125863	8435	64786	65.274	67.229	4.18	253060	0.82694217
1991-06-01			190800	136.000	141.800	6.36	8.28	7.94	161199237.40275900	128143	8992	62656	65.384	67.374	2.13	253350	0.79196906
1991-07-01			190946	136.200	142.300	6.31	8.27	7.91	161195942.80596900	128458	8792	62488	65.487	67.579	2.49	253650	0.80974897
1991-08-01			191116	136.600	142.900	5.78	7.90	7.43	161403591.41076100	127197	8439	63919	65.639	67.765	2.80	253966	0.78375992
1991-09-01			191302	137.000	143.400	5.57	7.65	7.14	161511042.88440700	126426	8270	64876	65.865	68.036	3.18	254280	0.73145346
1991-10-01			191497	137.200	143.700	5.33	7.53	6.87	161641406.16767700	126636	8232	64861	65.989	68.186	2.88	254576	0.69271909
1991-11-01			191657	137.800	144.200	4.89	7.42	6.62	161821637.03220300	126466	8494	65190	66.133	68.313	3.46	254841	0.64077150
1991-12-01			191798	138.200	144.700	4.38	7.09	6.19	162039990.96598700	126150	8755	65649	66.299	68.482	3.72	255089	0.64896024
1992-01-01			191953	138.300	145.100	4.15	7.03	6.24	161792844.55511400	126114	10186	65839	66.389	68.667	2.54	255331	0.60343607
1992-02-01			192067	138.600	145.400	4.29	7.34	6.58	162035179.95342400	126425	10401	65642	66.557	68.854	2.65	255576	0.55243277
1992-03-01			192204	139.100	145.900	4.63	7.54	6.95	162203764.51359300	126843	9913	65361	66.718	69.026	3.00	255848	0.71517212
1992-04-01			192354	139.400	146.300	4.30	7.48	6.78	162310823.03053600	126911	9135	65443	66.899	69.252	2.27	256139	0.76512820
1992-05-01			192503	139.700	146.800	4.19	7.39	6.69	162466618.84924302	127777	9389	64725	66.987	69.350	2.49	256437	0.75906640
1992-06-01			192663	140.100	147.100	4.17	7.26	6.48	162374223.68104300	130197	10366	62467	67.107	69.404	2.15	256742	0.69118230
1992-07-01			192826	140.500	147.600	3.60	6.84	5.84	162414491.80309200	130844	10099	61982	67.328	69.666	2.67	257063	0.72125711
1992-08-01			193018	140.800	147.900	3.47	6.59	5.60	162809065.24607100	129676	9605	63342	67.418	69.730	2.02	257390	0.65486161
1992-09-01			193229	141.100	148.100	3.18	6.42	5.38	163058375.15353700	128196	9316	65033	67.528	69.843	1.49	257704	0.66141388
1992-10-01			193442	141.700	148.800	3.30	6.59	5.60	163266838.52136302	127998	8813	65444	67.767	70.112	3.25	258004	0.66168360
1992-11-01			193621	142.100	149.200	3.68	6.87	6.04	163407209.27269500	128245	9086	65376	67.900	70.265	3.07	258280	0.72837249
1992-12-01			193784	142.300	149.600	3.71	6.77	6.08	163520771.05163300	128035	9045	65749	68.018	70.395	2.46	258546	0.66078679
1993-01-01			193962	142.800	150.100	3.50	6.60	5.83	163378592.54640100	127186	10158	66776	68.184	70.600	2.51	258799	0.68834755
1993-02-01			194108	143.100	150.600	3.39	6.26	5.43	163538132.76489002	127651	10004	66457	68.287	70.735	2.80	259036	0.73525631
1993-03-01			194248	143.300	150.800	3.33	5.98	5.19	163680163.90541200	127829	9478	66419	68.427	70.889	2.26	259283	0.65805995
1993-04-01			194398	143.800	151.400	3.24	5.97	5.13	163882805.35009800	127616	8835	66781	68.609	71.095	3.07	259547	0.70040038
1993-05-01			194549	144.200	151.800	3.36	6.04	5.20	164003808.10019700	128949	8807	65600	68.821	71.336	3.12	259822	0.68727914
1993-06-01			194719	144.300	152.100	3.54	5.96	5.22	163998912.40472502	131060	9473	63659	68.845	71.404	1.72	260109	0.79566545
1993-07-01			194882	144.500	152.300	3.47	5.81	5.09	164141010.61878700	131574	9223	63308	68.954	71.552	2.27	260411	0.71921724
1993-08-01			195063	144.800	152.800	3.44	5.68	5.03	164346829.94485998	130673	8655	64391	69.072	71.686	1.85	260717	0.70926161
1993-09-01			195259	145.000	152.900	3.36	5.36	4.73	164582940.81494600	128975	8302	66284	69.144	71.793	2.04	261015	0.67838849
1993-10-01			195444	145.600	153.400	3.39	5.33	4.71	164780237.82544800	129685	8296	65759	69.362	71.912	2.67	261294	0.68178188
1993-11-01			195625	146.000	153.900	3.58	5.72	5.06	164822734.35302700	129662	8094	65963	69.493	72.097	2.35	261550	0.67704331
1993-12-01			195794	146.300	154.300	3.61	5.77	5.15	164974165.14279700	129537	7959	66257	69.509	72.129	2.14	261796	0.78699151
1994-01-01			195953	146.300	154.500	3.54	5.75	5.09	165042469.28375298	129393	9492	66561	69.532	72.186	2.04	262021	0.53177346
1994-02-01			196090	146.700	154.800	3.87	5.97	5.40	165234290.49226100	129764	9262	66325	69.693	72.342	2.69	262237	0.54635287
1994-03-01			196213	147.100	155.300	4.32	6.48	5.94	165416504.50796500	129718	8874	66495	69.885	72.589	2.95	262491	0.69624583
1994-04-01			196363	147.200	155.500	4.82	6.97	6.52	165623186.41354900	129682	8078	66681	69.968	72.698	1.82	262754	0.69466821
1994-05-01			196510	147.500	155.900	5.31	7.18	6.78	165703230.94443297	130602	7656	65908	70.069	72.860	2.69	263014	0.71489707
1994-06-01			196693	147.900	156.400	5.27	7.10	6.70	165842713.86617202	132115	8251	64578	70.241	73.021	2.53	263294	0.68339922
1994-07-01			196859	148.400	156.700	5.48	7.30	6.91	166002444.31174500	132783	8281	64076	70.462	73.175	2.39	263580	0.66862997
1994-08-01			197043	149.000	157.100	5.56	7.24	6.88	166012391.64383100	132361	7868	64682	70.623	73.257	1.81	263871	0.65969967
1994-09-01			197248	149.300	157.500	5.76	7.46	7.08	166134249.64422402	131155	7379	66093	70.702	73.368	1.74	264159	0.62318010
1994-10-01			197430	149.400	157.800	6.11	7.74	7.40	166210773.53256503	131879	7155	65550	70.822	73.540	2.02	264430	0.69834953
1994-11-01			197607	149.800	158.200	6.54	7.96	7.72	166229195.98749998	131869	6973	65738	70.957	73.675	2.59	264681	0.67520513
1994-12-01			197765	150.100	158.300	7.14	7.81	7.78	166369722.98578800	131418	6690	66347	71.003	73.700	1.72	264924	0.79783849
1995-01-01			197753	150.500	159.000	7.05	7.78	7.76	166394884.49672902	130698	8101	67055	71.146	73.883	3.32	265157	0.55006740
1995-02-01			197886	150.900	159.400	6.70	7.47	7.37	166514161.01067400	131028	7685	66857	71.272	74.004	1.96	265383	0.60689911
1995-03-01			198007	151.200	159.900	6.43	7.20	7.05	166669045.58540500	131423	7480	66584	71.404	74.186	2.46	265625	0.44925249
1995-04-01			198148	151.800	160.400	6.27	7.06	6.86	166879681.28065702	131657	7378	66492	71.592	74.358	2.51	265877	0.51534399
1995-05-01			198286	152.100	160.700	6.00	6.63	6.41	166987381.22800198	131739	7185	66547	71.702	74.485	2.23	266134	0.54226108
1995-06-01			198453	152.400	161.100	5.64	6.17	5.93	167071035.22255498	133447	7727	65005	71.772	74.549	1.60	266414	0.54869651
1995-07-01			198615	152.600	161.400	5.59	6.28	6.01	167211555.03735400	134440	7892	64175	71.862	74.667	2.10	266700	0.50928226
1995-08-01			198801	152.900	161.800	5.75	6.49	6.24	167347346.04853100	133383	7457	65418	72.017	74.846	2.38	266998	0.45754085
1995-09-01			199005	153.100	162.200	5.62	6.20	6.00	167475897.39468200	132341	7167	66664	72.066	74.945	1.91	267304	0.46293549
1995-10-01			199192	153.500	162.700	5.59	6.04	5.86	167621585.18613400	132863	6884	66329	72.253	75.127	3.10	267585	0.27984738
1995-11-01			199355	153.700	163.000	5.43	5.93	5.69	167796400.63136500	132622	7024	66733	72.251	75.175	2.09	267829	0.42824483
1995-12-01			199508	153.900	163.100	5.31	5.71	5.51	167979832.49135500	132008	6872	67500	72.390	75.281	2.18	268047	0.31384665
1996-01-01			199634	154.700	163.700	5.09	5.65	5.36	167973212.40974200	131396	8270	68238	72.551	75.366	2.61	268258	0.14944734
1996-02-01			199773	155.000	164.000	4.94	5.81	5.38	168102055.18569900	131995	7858	67777	72.665	75.464	1.92	268480	0.26495415
1996-03-01			199921	155.500	164.400	5.34	6.27	5.97	168298878.78269600	132692	7700	67229	72.884	75.639	2.53	268724	0.17785985
1996-04-01			200101	156.100	164.600	5.54	6.51	6.30	168518408.08881300	132513	7124	67589	73.103	75.741	2.09	268980	0.33415597
1996-05-01			200278	156.400	165.000	5.64	6.74	6.48	168627097.35735100	133558	7166	66721	73.229	75.873	2.53	269247	0.37530435
1996-06-01			200459	156.700	165.400	5.81	6.91	6.69	168766062.57791600	135083	7377	65376	73.228	75.931	2.04	269527	0.50625467
1996-07-01			200641	157.000	165.700	5.85	6.87	6.64	168831143.99362400	136272	7693	64369	73.383	76.074	2.49	269822	0.29422504
1996-08-01			200847	157.200	166.000	5.67	6.64	6.39	168998612.68227000	135011	6868	65836	73.453	76.140	2.22	270130	0.41257845
1996-09-01			201061	157.700	166.500	5.83	6.83	6.60	169249631.95853898	134230	6700	66831	73.660	76.370	2.60	270433	0.24325098
1996-10-01			201273	158.200	166.800	5.55	6.53	6.27	169367362.95997700	135015	6577	66258	73.883	76.552	2.80	270730	0.41467154
1996-11-01			201463	158.700	167.200	5.42	6.20	5.97	169654136.74445200	134973	6816	66489	74.015	76.652	2.74	271002	0.31170825
1996-12-01			201636	159.100	167.400	5.47	6.30	6.07	169844813.09168300	134583	6680	67053	74.100	76.682	2.05	271243	0.41498183
1997-01-01			202285	159.400	167.800	5.61	6.58	6.33	170326001.20261398	134317	7933	67968	74.196	76.763	2.21	271472	0.35476823
1997-02-01			202389	159.700	168.100	5.53	6.42	6.20	170454931.20865900	134535	7647	67854	74.352	76.921	2.01	271703	0.34920676
1997-03-01			202513	159.800	168.400	5.80	6.69	6.54	170632734.20892000	135524	7399	66989	74.430	77.105	1.92	271952	0.24556470
1997-04-01			202674	159.900	168.900	5.99	6.89	6.76	170758097.75094602	135181	6551	67494	74.503	77.255	2.11	272213	0.13590900
1997-05-01			202832	159.900	169.200	5.87	6.71	6.57	170867137.99343598	135963	6398	66870	74.469	77.312	1.50	272482	0.07621087
1997-06-01			203000	160.200	169.400	5.69	6.49	6.38	171079860.78898400	137557	7094	65443	74.565	77.426	1.98	272767	0.04082524
1997-07-01			203166	160.400	169.700	5.54	6.22	6.12	171191799.87800598	138331	6981	64835	74.609	77.478	1.44	273074	0.14967349
1997-08-01			203364	160.800	169.800	5.56	6.30	6.16	171333507.54930700	137460	6594	65904	74.669	77.448	1.39	273395	0.06582614
1997-09-01			203570	161.200	170.200	5.52	6.21	6.11	171519868.46894300	136375	6403	67195	74.849	77.608	2.43	273703	0.04634737
1997-10-01			203767	161.500	170.600	5.46	6.03	5.93	171678981.94871100	136665	5995	67102	74.946	77.726	1.03	273989	0.08056740
1997-11-01			203941	161.700	170.800	5.46	5.88	5.80	171822313.62913400	136912	5914	67029	74.950	77.750	1.56	274249	0.04222526
1997-12-01			204098	161.800	171.200	5.53	5.81	5.77	172033221.25381902	136742	5957	67356	74.934	77.794	1.13	274499	0.03683145
1998-01-01			204238	162.000	171.600	5.24	5.54	5.42	172105058.01961700	135951	7069	68287	74.971	77.914	1.37	274732	0.00263966
1998-02-01			204400	162.000	171.900	5.31	5.57	5.49	172288457.82940102	136286	6804	68115	74.932	77.980	1.41	274943	0.00168099
1998-03-01			204547	162.000	172.200	5.39	5.65	5.61	172398117.39689900	136967	6816	67580	74.944	78.063	2.45	275175	0.00313401
1998-04-01			204731	162.200	172.500	5.38	5.64	5.61	172489796.31024000	136379	5643	68352	75.037	78.207	1.92	275434	0.02247918
1998-05-01			204899	162.600	172.900	5.44	5.65	5.63	172714010.23320600	137240	5764	67659	75.140	78.283	2.42	275700	0.00946736
1998-06-01			205085	162.800	173.200	5.41	5.50	5.52	172920818.10354200	138798	6534	66287	75.076	78.184	1.19	275976	0.05391214
1998-07-01			205270	163.200	173.500	5.36	5.46	5.46	173110681.60775200	139336	6567	65934	75.262	78.405	1.99	276266	0.00367941
1998-08-01			205479	163.400	174.000	5.21	5.34	5.27	173288280.84360600	138379	6173	67100	75.366	78.558	2.14	276566	0.01400539
1998-09-01			205699	163.500	174.200	4.71	4.81	4.62	173441555.69454900	137903	6039	67796	75.322	78.545	1.81	276859	0.00898461
1998-10-01			205919	163.900	174.400	4.12	4.53	4.18	173562223.61962900	138255	5831	67664	75.487	78.698	1.89	277140	0.00065163
1998-11-01			206104	164.100	174.800	4.53	4.83	4.54	173713522.66399600	138288	5711	67816	75.491	78.711	1.73	277402	0.00627834
1998-12-01			206270	164.400	175.400	4.52	4.65	4.45	173886615.61757600	138297	5565	67973	75.567	78.847	1.51	277658	0.00110841
1999-01-01			206719	164.700	175.600	4.51	4.72	4.60	174338297.49700300	137943	6604	68776	75.705	78.998	1.77	277891	0.00022830
1999-02-01			206873	164.700	175.600	4.70	5.00	4.91	174537899.06061400	138202	6563	68671	75.687	78.999	0.94	278095	0.00267304
1999-03-01			207036	164.800	175.700	4.78	5.23	5.14	174643967.37054200	138418	6119	68618	75.746	79.026	1.53	278324	0.00031184
1999-04-01			207236	165.900	176.300	4.69	5.18	5.08	174807618.18567500	138240	5688	68996	76.096	79.210	2.45	278584	0.00262988
1999-05-01			207427	166.000	176.500	4.85	5.54	5.44	175016505.73424900	138919	5507	68508	76.134	79.272	1.68	278859	0.17384214
1999-06-01			207632	166.000	176.600	5.10	5.90	5.81	175263529.42559698	140666	6271	66966	76.150	79.306	1.43	279148	0.01022060
1999-07-01			207828	166.700	177.100	5.03	5.79	5.68	175441616.95334100	141119	6319	66709	76.352	79.446	2.44	279448	0.01214149
1999-08-01			208038	167.100	177.300	5.20	5.94	5.84	175609174.88856100	140090	5826	67948	76.486	79.480	1.63	279752	0.03184352
1999-09-01			208265	167.800	177.800	5.25	5.92	5.80	175730916.22102400	139217	5661	69048	76.754	79.683	2.34	280053	0.04158178
1999-10-01			208483	168.100	178.100	5.43	6.11	6.03	175969005.31195100	139761	5372	68722	76.876	79.809	1.94	280337	0.14757365
1999-11-01			208666	168.400	178.400	5.55	6.03	5.97	176047983.24622002	139895	5380	68771	76.943	79.884	2.17	280594	0.04193689
1999-12-01			208832	168.800	178.700	5.84	6.28	6.19	176181471.13641100	139941	5245	68891	77.128	79.992	1.90	280846	0.05025522
2000-01-01			211410	169.300	179.300	6.12	6.66	6.58	178198343.73005000	141228	6316	70182	77.348	80.196	3.25	281083	0.12800975
2000-02-01			211576	170.000	179.400	6.22	6.52	6.68	178256651.87999600	141775	6284	69801	77.597	80.321	2.35	281299	0.30344100
2000-03-01			211772	171.000	180.000	6.22	6.26	6.50	178372210.19246300	142123	6069	69649	77.928	80.483	2.86	281531	0.18976570
2000-04-01			212018	170.900	180.300	6.15	5.99	6.26	178513979.58460800	142138	5212	69879	77.851	80.522	1.80	281763	0.65129401
2000-05-01			212242	171.200	180.700	6.33	6.44	6.69	178794473.73915600	142144	5460	70097	77.906	80.597	2.30	281996	0.30353544
2000-06-01			212466	172.200	181.100	6.17	6.10	6.30	179042284.57285100	143874	5959	68592	78.161	80.647	2.11	282247	0.46265900
2000-07-01			212677	172.700	181.500	6.08	6.05	6.18	179411622.06006400	143797	6028	68880	78.349	80.823	2.74	282504	0.36719767
2000-08-01			212916	172.700	181.900	6.18	5.83	6.06	179430176.84748400	143171	5863	69744	78.340	80.921	1.92	282769	0.41918812
2000-09-01			213163	173.600	182.300	6.13	5.80	5.93	179642169.97845700	142149	5359	71014	78.676	81.116	3.13	283033	0.27802892
2000-10-01			213405	173.900	182.600	6.01	5.74	5.78	179807579.56394000	142685	5153	70720	78.787	81.234	2.41	283285	0.67971005
2000-11-01			213540	174.200	183.100	6.09	5.72	5.70	179920736.90845300	142797	5336	70744	78.888	81.367	2.55	283523	0.28719524
2000-12-01			213736	174.600	183.300	5.60	5.24	5.17	180065871.32385000	143110	5264	70627	78.991	81.425	2.28	283748	0.42733759
2001-01-01			213888	175.600	183.900	4.81	5.16	4.86	180320498.21872800	142828	6647	71060	79.348	81.698	3.30	283960	0.22599173
2001-02-01			214110	176.000	184.400	4.68	5.10	4.89	180488667.63234200	143100	6523	71010	79.458	81.827	2.49	284166	0.39867712
2001-03-01			214305	176.100	184.700	4.30	4.89	4.64	180587444.57459798	143664	6509	70641	79.462	81.909	2.40	284380	0.33425817
2001-04-01			214525	176.400	185.100	3.98	5.14	4.76	180852845.96630400	143026	6004	71499	79.605	82.044	2.94	284602	0.06212323
2001-05-01			214732	177.300	185.300	3.78	5.39	4.93	180994066.59831700	143023	5901	71709	79.818	82.067	2.38	284834	0.26606942
2001-06-01			214950	177.700	186.000	3.58	5.28	4.81	181382731.77557900	144553	6816	70397	79.962	82.253	3.21	285076	0.38074070
2001-07-01			215180	177.400	186.400	3.62	5.24	4.76	181573378.42588400	145097	6858	70083	79.935	82.465	2.28	285324	0.35625549
2001-08-01			215420	177.400	186.700	3.47	4.97	4.57	181892397.27009800	143826	7017	71594	79.929	82.511	2.24	285584	0.06746325
2001-09-01			215665	178.100	187.100	2.82	4.73	4.12	181969447.70755902	143601	6766	72064	79.663	82.049	1.74	285842	0.07925717
2001-10-01			215903	177.600	187.400	2.33	4.57	3.91	182275730.78072003	144060	7175	71843	79.952	82.637	2.13	286086	0.00420453
2001-11-01			216117	177.500	188.100	2.18	4.65	3.97	182533728.84281300	143987	7617	72130	79.903	82.810	2.19	286315	0.00329643
2001-12-01			216315	177.400	188.400	2.22	5.09	4.39	182738498.01083900	144042	7773	72273	79.819	82.829	1.31	286533	0.01086041
2002-01-01			216506	177.700	188.700	2.16	5.04	4.34	182703922.62482703	143228	9051	73278	79.879	82.862	1.75	286739	0.01124249
2002-02-01			216663	178.000	189.100	2.23	4.91	4.30	182832462.67849300	144266	8823	72397	80.011	83.017	2.37	286935	0.00206713
2002-03-01			216823	178.500	189.200	2.57	5.28	4.74	183097704.05678502	144334	8776	72490	80.233	83.120	2.29	287131	0.00594690
2002-04-01			217006	179.300	189.700	2.48	5.21	4.65	183333306.78077602	144158	8255	72848	80.580	83.366	2.40	287343	0.04123850
2002-05-01			217198	179.500	190.000	2.35	5.16	4.49	183452828.77379100	144527	7969	72671	80.637	83.465	1.66	287571	0.02938326
2002-06-01			217407	179.600	190.200	2.20	4.93	4.19	183697185.31729800	145940	8758	71468	80.735	83.594	2.00	287808	0.00523449
2002-07-01			217630	180.000	190.500	1.96	4.65	3.81	183835833.45110600	146189	8693	71441	80.897	83.745	2.45	288051	0.00971305
2002-08-01			217866	180.500	191.100	1.76	4.26	3.29	184117888.56921798	145565	8271	72300	81.048	83.900	1.92	288303	0.01193293
2002-09-01			218107	180.800	191.300	1.72	3.87	2.94	184235848.36433900	145167	7790	72940	81.191	84.033	2.52	288554	0.00364405
2002-10-01			218340	181.200	191.500	1.65	3.94	2.95	184449335.29964400	145320	7769	73019	81.342	84.109	2.17	288794	0.00690173
2002-11-01			218548	181.500	191.900	1.49	4.05	3.05	184796105.64999202	144854	8170	73695	81.423	84.191	1.90	289012	0.01589902
2002-12-01			218741	181.800	192.100	1.45	4.03	3.03	184904476.62571000	144807	8209	73934	81.494	84.260	1.59	289214	0.01438070
2003-01-01			219897	182.600	192.400	1.36	4.05	3.05	185679253.58848600	145301	9395	74596	81.716	84.293	1.37	289412	0.00565984
2003-02-01			220114	183.600	192.500	1.30	3.90	2.90	185825556.37530798	145693	9260	74421	82.039	84.383	1.51	289606	0.01557796
2003-03-01			220317	183.900	192.500	1.24	3.81	2.78	186150682.61727700	145801	9018	74516	82.227	84.492	2.00	289809	0.15180642
2003-04-01			220540	183.200	192.500	1.27	3.96	2.93	186467896.43464000	145925	8501	74615	82.063	84.558	0.44	290024	0.12093265
2003-05-01			220768	182.900	192.900	1.18	3.57	2.52	186728949.43833600	146067	8500	74701	81.953	84.660	1.35	290250	0.00227087
2003-06-01			221014	183.100	193.000	1.01	3.33	2.27	186914603.18200700	148117	9649	72897	82.030	84.695	0.97	290484	0.00014181
2003-07-01			221252	183.700	193.400	1.12	3.98	2.87	187189581.43953300	147822	9319	73430	82.263	84.897	2.72	290726	0.00028885
2003-08-01			221507	184.500	193.600	1.31	4.45	3.37	187404498.85551900	146967	8830	74540	82.529	84.979	2.19	290974	0.03186280
2003-09-01			221779	185.100	193.700	1.24	4.27	3.18	187571019.68125197	146166	8436	75612	82.773	85.080	1.88	291222	0.03490090
2003-10-01			222039	184.900	194.000	1.25	4.29	3.19	187709114.77425700	146787	8169	75252	82.767	85.218	1.89	291463	0.00431988
2003-11-01			222279	185.000	194.000	1.34	4.30	3.29	187901991.40298300	146969	8269	75310	82.870	85.332	1.95	291677	0.00431972
2003-12-01			222509	185.500	194.200	1.31	4.27	3.27	188012999.00501300	146501	7945	76007	83.064	85.452	1.71	291868	0.00338099
2004-01-01			222161	186.300	194.600	1.24	4.15	3.12	187559284.52227000	146068	9144	76093	83.412	85.702	2.61	292046	0.03083933
2004-02-01			222357	186.700	194.900	1.24	4.08	3.07	187826549.38043900	146154	8770	76203	83.608	85.862	2.53	292230	0.08020536
2004-03-01			222550	187.100	195.500	1.19	3.83	2.79	188113062.47351003	146525	8834	76025	83.746	86.016	2.11	292434	0.02681591
2004-04-01			222757	187.400	195.900	1.43	4.35	3.39	188341361.41114700	146260	7837	76497	83.898	86.238	3.33	292651	0.01492846
2004-05-01			222967	188.200	196.200	1.78	4.72	3.85	188557374.35234300	146659	7792	76308	84.172	86.356	2.55	292872	0.15231239
2004-06-01			223196	188.900	196.600	2.12	4.73	3.93	188688681.73133300	148478	8616	74718	84.415	86.496	2.41	293103	0.41945970
2004-07-01			223422	189.100	196.800	2.10	4.50	3.69	188794756.35652600	149217	8518	74204	84.499	86.605	1.98	293350	0.33875595
2004-08-01			223677	189.200	196.900	2.02	4.28	3.47	189020797.21322998	148166	7940	75511	84.546	86.642	1.51	293603	0.28215515
2004-09-01			223941	189.800	197.500	2.12	4.13	3.36	189269600.70518900	147186	7545	76755	84.714	86.806	1.85	293857	0.07948697
2004-10-01			224192	190.800	197.900	2.23	4.10	3.35	189485072.83434400	147978	7531	76214	85.077	86.994	2.23	294104	0.08837822
2004-11-01			224422	191.700	198.300	2.50	4.19	3.53	189653460.08143700	148246	7665	76176	85.403	87.179	2.41	294337	0.24303484
2004-12-01			224640	191.700	198.600	2.67	4.23	3.60	189862567.68407398	147877	7599	76763	85.446	87.287	1.91	294561	0.57273997
2005-01-01			224837	191.600	199.000	2.86	4.22	3.71	190044878.20328600	147125	8444	77712	85.556	87.600	3.60	294768	0.43875340
2005-02-01			225041	192.400	199.400	3.03	4.17	3.77	190227261.35165600	147649	8549	77392	85.791	87.740	2.59	294955	0.36856189
2005-03-01			225236	193.100	200.100	3.30	4.50	4.17	190430175.09151400	147745	7986	77492	86.038	87.945	2.18	295149	0.38935035
2005-04-01			225441	193.700	200.200	3.32	4.34	4.00	190506599.15520698	148274	7335	77167	86.266	88.032	2.01	295359	0.85653043
2005-05-01			225670	193.600	200.500	3.33	4.14	3.85	190682660.15859202	148878	7287	76792	86.308	88.204	2.06	295582	0.65171230
2005-06-01			225911	193.700	200.600	3.36	4.00	3.77	190877001.70548000	150327	7870	75584	86.357	88.259	1.59	295824	0.26455915
2005-07-01			226153	194.900	200.900	3.64	4.18	3.98	191064384.64650500	151122	7839	75031	86.722	88.387	2.79	296077	0.24454032
2005-08-01			226421	196.100	201.100	3.87	4.26	4.12	191162991.34517900	150469	7327	75952	87.069	88.455	1.90	296338	0.55771257
2005-09-01			226693	198.800	201.300	3.85	4.20	4.01	191492508.05833500	149838	7259	76855	87.905	88.644	3.16	296606	0.80168524
2005-10-01			226959	199.100	202.000	4.18	4.46	4.33	191702068.22870702	150304	6964	76655	88.038	88.890	2.86	296857	0.96823572
2005-11-01			227204	198.100	202.500	4.33	4.54	4.45	192005912.61313800	150239	7271	76964	87.850	89.113	2.58	297089	0.81193037
2005-12-01			227425	198.100	202.800	4.35	4.47	4.39	192196136.90230300	149874	6956	77550	87.851	89.207	1.64	297311	0.62969995
2006-01-01			227553	199.300	203.200	4.45	4.42	4.35	192319261.17364398	149090	7608	78463	88.279	89.410	3.03	297526	0.56905509
2006-02-01			227763	199.400	203.600	4.68	4.57	4.57	192523126.99482800	149686	7692	78077	88.323	89.544	2.03	297734	0.91415000
2006-03-01	34.0	20.07	227975	199.700	204.300	4.77	4.72	4.72	192598073.03411500	150027	7255	77948	88.473	89.766	2.76	297950	0.73790249
2006-04-01	34.4	20.36	228199	200.700	204.800	4.90	4.99	4.90	192804266.73793602	150209	6804	77990	88.850	90.000	3.15	298170	0.61657798
2006-05-01	34.1	20.06	228428	201.300	205.400	5.00	5.11	5.00	192953008.71550300	150696	6655	77732	89.070	90.205	3.67	298401	0.83181855
2006-06-01	34.4	20.04	228671	201.800	205.900	5.16	5.11	5.07	193190760.09783500	152557	7341	76114	89.285	90.427	3.63	298653	0.91045378
2006-07-01	34.7	20.28	228912	202.900	206.300	5.22	5.09	5.04	193439044.26095000	153208	7602	75704	89.601	90.527	2.98	298910	0.73878115
2006-08-01	34.5	20.12	229167	203.800	206.800	5.08	4.88	4.82	193520759.04928598	152465	7086	76702	89.885	90.713	2.76	299178	0.72998567
2006-09-01	34.3	20.35	229420	202.800	207.200	4.97	4.72	4.67	193602991.10425200	151635	6625	77785	89.646	90.852	2.04	299452	0.72828222
2006-10-01	34.7	20.51	229675	201.900	207.600	5.01	4.73	4.69	193705267.70875600	152397	6272	77278	89.428	91.011	1.93	299710	0.00976909
2006-11-01	34.3	20.44	229905	202.000	207.800	5.01	4.60	4.58	193904224.89927799	152590	6576	77315	89.461	91.058	1.00	299950	0.01001622
2006-12-01	34.4	20.60	230108	203.100	208.100	4.94	4.56	4.53	194086412.26724500	152571	6491	77537	89.789	91.190	2.97	300178	0.02965849
2007-01-01	33.9	20.69	230650	203.437	208.600	5.06	4.76	4.75	194800930.66491398	151924	7649	78726	90.109	91.584	3.51	300398	0.07169684
2007-02-01	34.0	20.77	230834	204.226	209.135	5.05	4.72	4.71	195040255.06055700	151879	7400	78955	90.394	91.787	3.38	300608	0.08296487
2007-03-01	34.2	20.75	231034	205.288	209.418	4.92	4.56	4.48	195137117.89825898	152236	6913	78798	90.715	91.868	1.99	300823	0.34459469
2007-04-01	34.5	20.99	231253	205.904	209.747	4.93	4.69	4.59	195262924.42938100	151829	6532	79423	90.906	91.973	1.86	301045	0.35595926
2007-05-01	34.3	20.77	231480	206.755	210.058	4.91	4.75	4.67	195409423.02034100	152350	6486	79130	91.160	92.069	1.83	301278	0.10634512
2007-06-01	34.5	20.77	231713	207.234	210.392	4.96	5.10	5.03	195683250.88145900	154252	7295	77460	91.352	92.219	2.49	301528	0.06425448
2007-07-01	34.8	20.94	231958	207.603	210.773	4.96	5.00	4.88	195853948.87162000	154871	7556	77087	91.499	92.368	2.14	301790	0.05492773
2007-08-01	34.5	20.79	232211	207.667	211.119	4.47	4.67	4.43	195986090.66790602	153493	7088	78717	91.558	92.503	2.15	302064	0.01099806
2007-09-01	34.8	21.12	232461	208.547	211.554	4.14	4.52	4.20	196068561.45129400	153400	6952	79061	91.901	92.742	3.09	302334	0.00161467
2007-10-01	34.3	21.01	232715	209.190	212.077	4.10	4.53	4.20	196119716.54766800	153516	6773	79200	92.162	92.963	3.00	302590	0.06367707
2007-11-01	34.3	21.07	232939	210.834	212.660	3.50	4.15	3.67	196150525.48987200	154035	6917	78904	92.642	93.134	3.16	302834	0.24423922
2007-12-01	34.8	21.30	233156	211.445	213.168	3.26	4.10	3.49	196413922.73756500	153705	7371	79451	92.855	93.319	2.59	303062	0.43967291
2008-01-01	34.0	21.29	232616	212.174	213.771	2.71	3.74	2.98	196034584.54234200	152828	8221	79788	93.102	93.519	2.82	303280	0.43166730
2008-02-01	34.0	21.36	232809	212.687	213.939	2.05	3.74	2.78	196230875.07344300	152503	7953	80306	93.298	93.621	1.94	303494	0.41526721
2008-03-01	34.6	21.52	232995	213.448	214.420	1.54	3.51	2.48	196361179.25995898	153135	8027	79860	93.587	93.829	2.69	303707	0.43947860
2008-04-01	34.2	21.43	233198	213.942	214.560	1.74	3.68	2.84	196215468.72094000	153208	7287	79990	93.785	93.912	2.35	303926	0.28125992
2008-05-01	34.2	21.40	233405	215.208	214.936	2.06	3.88	3.15	196434259.16821500	154003	8076	79402	94.206	94.103	2.43	304157	0.46312973
2008-06-01	34.8	21.48	233627	217.463	215.424	2.42	4.10	3.49	196496091.34427002	155582	8933	78045	94.876	94.299	3.07	304396	0.34364758
2008-07-01	34.3	21.44	233864	219.016	215.965	2.28	4.01	3.30	196537810.45292398	156300	9433	77564	95.285	94.430	3.26	304646	0.65241530
2008-08-01	34.5	21.49	234107	218.690	216.393	2.18	3.89	3.14	196648540.99641198	155387	9479	78719	95.204	94.543	1.52	304903	0.62615139
2008-09-01	34.2	21.68	234360	218.877	216.713	1.91	3.69	2.88	196796547.14750803	154509	9199	79851	95.307	94.668	2.29	305158	0.47294003
2008-10-01	34.2	21.71	234612	216.995	216.788	1.42	3.81	2.73	196915036.26537100	155012	9469	79601	94.727	94.593	1.55	305403	0.52057635
2008-11-01	34.4	21.96	234828	213.153	216.947	1.07	3.53	2.29	197115513.40334302	154624	10015	80204	93.643	94.600	2.29	305620	0.12853003
2008-12-01	33.9	21.96	235035	211.398	216.925	0.49	2.42	1.52	197380784.33446200	154349	10999	80686	93.139	94.580	1.07	305827	0.00005819
2009-01-01	33.6	22.05	234739	211.933	217.346	0.44	2.52	1.60	197109405.09390100	153445	13009	81293	93.173	94.578	2.86	306035	0.00006037
2009-02-01	34.0	22.22	234913	212.705	217.792	0.62	2.87	1.87	197309673.86301798	153804	13699	81109	93.363	94.679	1.86	306237	0.01076717
2009-03-01	33.9	22.22	235086	212.495	218.253	0.64	2.82	1.82	197600274.47404500	153728	13895	81358	93.284	94.776	1.59	306438	0.00403739
2009-04-01	33.5	22.13	235271	212.709	218.706	0.55	2.93	1.86	197879927.39106402	153834	13248	81437	93.432	95.003	1.67	306645	0.00014632
2009-05-01	33.6	22.04	235452	213.022	218.904	0.50	3.29	2.13	198006903.43477002	154336	13973	81116	93.546	95.097	1.49	306863	0.00235506
2009-06-01	33.7	21.95	235655	214.790	219.112	0.51	3.72	2.71	197633230.24234998	155921	15095	79734	94.100	95.214	1.44	307090	0.00555078
2009-07-01	33.8	22.00	235870	214.726	219.263	0.48	3.56	2.46	197728954.97956800	156255	15201	79614	94.106	95.291	0.36	307322	0.00670835
2009-08-01	34.3	22.16	236087	215.445	219.496	0.46	3.59	2.57	198074827.43194800	154897	14823	81190	94.378	95.430	1.36	307570	0.00003934
2009-09-01	33.7	22.20	236322	215.861	219.920	0.40	3.40	2.37	198393803.09244803	153617	14538	82706	94.536	95.605	0.85	307826	0.00009647
2009-10-01	33.8	22.26	236550	216.509	220.501	0.37	3.39	2.33	198694370.64305100	153635	14547	82915	94.899	95.961	1.83	308071	0.00015699
2009-11-01	34.2	22.44	236743	217.234	220.666	0.31	3.40	2.23	198753908.23941702	153539	14407	83204	95.135	96.043	0.74	308289	0.00251820
2009-12-01	33.8	22.38	236924	217.347	220.881	0.37	3.59	2.34	198800352.02086800	152693	14740	84231	95.175	96.108	0.64	308495	0.13034286
2010-01-01	33.7	22.51	236832	217.488	220.633	0.35	3.73	2.48	198306306.34650502	152957	16147	83876	95.366	96.228	0.90	308706	0.11840747
2010-02-01	33.6	22.57	236998	217.281	220.731	0.35	3.69	2.36	198455438.09170800	153194	15991	83804	95.351	96.298	0.44	308904	0.23820213
2010-03-01	33.8	22.48	237159	217.353	220.783	0.40	3.73	2.43	198660196.84012700	153660	15678	83499	95.468	96.422	0.59	309095	0.03325755
2010-04-01	34.0	22.53	237329	217.403	220.822	0.45	3.85	2.58	198992867.33396298	153911	14609	83418	95.507	96.456	0.65	309279	0.29805773
2010-05-01	34.4	22.60	237499	217.290	220.962	0.37	3.42	2.18	199073325.63526500	153866	14369	83633	95.527	96.552	0.71	309457	0.30423264
2010-06-01	34.1	22.34	237690	217.199	221.194	0.32	3.20	2.00	198915446.68567000	154767	14885	82923	95.474	96.584	0.58	309643	0.07910430
2010-07-01	34.2	22.41	237890	217.605	221.363	0.29	3.01	1.76	198999800.03421700	155270	15137	82620	95.556	96.585	0.82	309847	0.00788724
2010-08-01	34.7	22.54	238099	217.923	221.509	0.26	2.70	1.47	199204208.32979900	154678	14759	83421	95.684	96.674	1.34	310060	0.01805338
2010-09-01	34.1	22.60	238322	218.275	221.711	0.26	2.65	1.41	199525484.22886600	153854	14140	84468	95.773	96.722	1.19	310280	0.03531760
2010-10-01	34.3	22.69	238530	219.035	221.830	0.23	2.54	1.18	199852305.60560700	153652	13903	84878	96.057	96.843	0.77	310488	0.01582764
2010-11-01	34.2	22.69	238715	219.590	222.149	0.25	2.76	1.35	199990746.46576300	153698	14282	85017	96.238	96.955	1.38	310677	0.04252020
2010-12-01	34.2	22.76	238889	220.472	222.343	0.29	3.29	1.93	199996747.64312600	153156	13997	85733	96.456	96.975	1.19	310858	0.01203431
2011-01-01	34.2	23.16	238704	221.187	222.803	0.27	3.39	1.99	199172626.60801598	152536	14937	86168	96.774	97.214	2.19	311023	0.03928101
2011-02-01	34.0	22.99	238851	221.898	223.213	0.29	3.58	2.26	199359808.71339402	152635	14542	86216	97.054	97.396	2.36	311173	0.08574500
2011-03-01	34.1	22.90	239000	223.046	223.454	0.26	3.41	2.11	199543452.44578700	153022	14060	85977	97.446	97.543	2.17	311333	0.08117990
2011-04-01	34.2	22.96	239146	224.093	223.727	0.25	3.46	2.17	199949910.46435000	152898	13237	86248	97.854	97.761	2.23	311502	0.08075010
2011-05-01	34.6	23.06	239313	224.806	224.175	0.19	3.17	1.84	200052247.73645300	153449	13421	85864	98.153	97.994	2.46	311678	0.30448877
2011-06-01	34.3	22.81	239489	224.806	224.697	0.18	3.00	1.58	200016590.58040700	154538	14409	84951	98.136	98.106	1.38	311872	0.29610665
2011-07-01	34.4	22.94	239671	225.395	225.218	0.19	3.00	1.54	200141943.81991202	154812	14428	84859	98.316	98.265	1.77	312077	0.32833798
2011-08-01	34.4	22.84	239871	226.106	225.862	0.11	2.30	1.02	200148898.04686000	154344	14008	85528	98.555	98.470	2.43	312292	0.39293512
2011-09-01	34.3	23.05	240071	226.597	226.118	0.10	1.98	0.90	200260548.93434400	154022	13520	86049	98.699	98.543	1.75	312509	0.40611821
2011-10-01	34.8	23.29	240269	226.750	226.506	0.11	2.15	1.06	200419615.20551900	154088	13102	86181	98.705	98.596	1.87	312708	0.30581904
2011-11-01	34.3	23.14	240441	227.169	226.899	0.11	2.01	0.91	200301722.54810100	153683	12613	86757	98.908	98.805	2.16	312889	0.12394731
2011-12-01	34.4	23.21	240584	227.223	227.405	0.12	1.98	0.89	200296953.30555800	153373	12692	87212	98.965	98.971	1.97	313064	0.25018942
2012-01-01	34.5	23.55	242269	227.842	227.877	0.12	1.97	0.84	200965542.21030200	153485	13541	88784	99.320	99.284	2.60	313227	0.21403021
2012-02-01	34.2	23.40	242435	228.329	228.034	0.16	1.97	0.83	201092910.36675900	154114	13430	88322	99.556	99.439	1.54	313383	0.43506488
2012-03-01	34.2	23.38	242604	228.807	228.478	0.19	2.17	1.02	201255899.01643902	154316	12904	88288	99.737	99.597	2.13	313546	0.38633347
2012-04-01	34.6	23.61	242784	229.187	228.905	0.18	2.05	0.89	201508528.90017000	153905	11910	88879	99.873	99.753	1.91	313710	0.34170921
2012-05-01	34.2	23.32	242966	228.713	229.224	0.19	1.80	0.76	201524981.55363500	154998	12271	87968	99.755	99.849	1.58	313883	0.18193764
2012-06-01	34.4	23.26	243155	228.524	229.623	0.19	1.62	0.71	201491381.10430400	156385	13184	86770	99.701	99.948	1.13	314072	0.09314162
2012-07-01	34.7	23.48	243354	228.590	229.970	0.19	1.53	0.62	201505480.97333300	156526	13400	86828	99.738	100.052	1.15	314272	0.08740785
2012-08-01	34.5	23.26	243566	229.918	230.233	0.18	1.68	0.71	201577891.16667300	155255	12696	88311	100.070	100.111	1.73	314489	0.15424601
2012-09-01	34.8	23.67	243772	231.015	230.659	0.18	1.72	0.67	201622009.18158000	155075	11742	88697	100.378	100.238	1.81	314703	0.26116034
2012-10-01	34.3	23.51	243983	231.638	231.024	0.18	1.75	0.71	201652245.66053200	155779	11741	88204	100.672	100.476	1.68	314905	0.22222136
2012-11-01	34.3	23.58	244174	231.249	231.330	0.18	1.65	0.67	201700972.27909900	154953	11404	89221	100.605	100.586	1.19	315092	0.12481184
2012-12-01	34.8	23.85	244350	231.221	231.725	0.16	1.72	0.70	201800341.56142202	154904	11844	89445	100.595	100.667	1.02	315258	0.10410916
2013-01-01	34.0	23.87	244663	231.679	232.229	0.15	1.91	0.81	201731503.42935398	154794	13181	89868	100.782	100.865	2.08	315400	0.12374534
2013-02-01	34.2	23.90	244828	232.937	232.569	0.16	1.98	0.85	201886226.38789300	154727	12500	90100	101.149	100.984	2.03	315535	0.15718261
2013-03-01	34.3	23.84	244995	232.282	232.794	0.15	1.96	0.82	202022646.19180700	154512	11815	90483	101.015	101.076	1.49	315682	0.21798670
2013-04-01	34.3	23.92	245175	231.797	232.832	0.12	1.76	0.71	202163764.24005100	154739	11014	90436	100.940	101.160	0.25	315841	0.15427351
2013-05-01	34.3	23.79	245363	231.893	232.996	0.12	1.93	0.84	202295452.23076302	155734	11302	89629	101.006	101.268	1.28	316016	0.08317481
2013-06-01	34.9	23.92	245552	232.445	233.350	0.14	2.30	1.20	202316174.03176700	157089	12248	88463	101.226	101.437	2.26	316202	0.12819342
2013-07-01	34.3	23.80	245756	232.900	233.880	0.12	2.58	1.40	202322794.93651400	157196	12083	88560	101.351	101.565	1.78	316405	0.13087800
2013-08-01	34.5	23.79	245959	233.456	234.336	0.13	2.74	1.52	202520581.00378698	155971	11462	89988	101.503	101.678	1.60	316627	0.14668810
2013-09-01	34.9	24.16	246168	233.544	234.700	0.12	2.81	1.60	202633589.53424102	155536	10885	90632	101.545	101.795	1.67	316846	0.13236343
2013-10-01	34.4	24.04	246381	233.669	234.921	0.12	2.62	1.37	202731034.42143800	154918	10773	91463	101.711	102.004	1.79	317055	0.08074417
2013-11-01	34.4	24.11	246567	234.100	235.359	0.12	2.72	1.37	202710220.40652600	155046	10271	91521	101.865	102.176	2.05	317248	0.04323516
2013-12-01	34.7	24.30	246745	234.719	235.759	0.13	2.90	1.58	202762683.58863300	154408	9984	92338	102.065	102.311	1.69	317429	0.09277425
2014-01-01	34.0	24.34	246915	235.288	235.961	0.12	2.86	1.65	202535165.83166802	154381	10855	92534	102.254	102.399	1.60	317598	0.10026614
2014-02-01	34.4	24.58	247085	235.547	236.185	0.12	2.71	1.52	202719110.48476500	155027	10893	92058	102.308	102.454	1.42	317758	0.07151452
2014-03-01	34.7	24.49	247258	236.028	236.625	0.13	2.72	1.64	202700171.29631400	155627	10537	91630	102.509	102.646	1.84	317924	0.08141421
2014-04-01	34.4	24.40	247439	236.468	237.072	0.11	2.71	1.70	202828705.62020300	154845	9079	92594	102.698	102.829	2.04	318098	0.20204749
2014-05-01	34.4	24.30	247622	236.918	237.529	0.10	2.56	1.59	202929415.63250700	155841	9443	91782	102.866	103.000	1.91	318284	0.18990523
2014-06-01	34.9	24.42	247814	237.231	237.837	0.10	2.60	1.68	203070366.35472000	156997	9893	90817	102.976	103.113	1.73	318479	0.14525222
2014-07-01	34.5	24.30	248023	237.498	238.195	0.11	2.54	1.70	203051462.87479000	157573	10307	90451	103.128	103.298	1.98	318692	0.07506616
2014-08-01	34.6	24.32	248229	237.460	238.405	0.11	2.42	1.63	203146198.71783900	156434	9787	91794	103.110	103.332	0.99	318921	0.09433125
2014-09-01	34.5	24.50	248446	237.477	238.786	0.11	2.53	1.77	203209222.75694600	155903	8962	92543	103.132	103.456	1.79	319149	0.07252130
2014-10-01	34.5	24.52	248657	237.430	239.191	0.10	2.30	1.55	203241878.60839102	156616	8680	92041	103.103	103.546	1.54	319367	0.07389310
2014-11-01	34.9	24.78	248844	236.983	239.458	0.13	2.33	1.62	203375636.76369700	156297	8630	92547	103.021	103.653	1.72	319561	0.03727199
2014-12-01	34.6	24.58	249027	236.252	239.584	0.21	2.21	1.64	203363584.98985398	155521	8331	93506	102.852	103.737	1.34	319742	0.04241725
2015-01-01	34.2	24.87	249723	234.747	239.811	0.20	1.88	1.37	203878452.85231000	156050	9498	93674	102.374	103.712	0.47	319904	0.02278244
2015-02-01	34.6	25.05	249899	235.342	240.172	0.22	1.98	1.47	203931249.55293600	156213	9095	93686	102.542	103.815	2.02	320053	0.01213142
2015-03-01	34.7	25.04	250080	235.976	240.755	0.25	2.04	1.52	203962266.80270502	156318	8682	93762	102.739	103.975	1.83	320215	0.02779917
2015-04-01	34.4	24.94	250266	236.222	241.346	0.23	1.94	1.35	203977536.96668000	156554	7966	93712	102.822	104.155	2.02	320390	0.03333401
2015-05-01	34.4	24.88	250455	237.001	241.688	0.24	2.20	1.54	204238332.00415100	157719	8370	92736	103.072	104.289	1.77	320574	0.03401805
2015-06-01	34.5	24.76	250663	237.657	242.064	0.28	2.36	1.68	204430714.32165700	158283	8638	92380	103.276	104.419	1.99	320769	0.07393524
2015-07-01	34.5	24.83	250876	238.034	242.565	0.30	2.32	1.63	204545662.03387600	158527	8805	92349	103.366	104.517	1.68	320982	0.03782470
2015-08-01	35.1	25.03	251096	238.033	242.817	0.38	2.17	1.54	204570318.00976598	157390	8162	93706	103.373	104.601	1.37	321205	0.01983697
2015-09-01	34.3	25.05	251325	237.498	243.316	0.37	2.17	1.49	204643045.05719700	156607	7628	94718	103.229	104.743	1.65	321428	0.02606578
2015-10-01	34.5	25.14	251541	237.733	243.768	0.26	2.07	1.39	204689425.29253498	157313	7597	94228	103.221	104.767	1.03	321641	0.03546179
2015-11-01	34.8	25.37	251747	238.017	244.241	0.48	2.26	1.67	204737697.11780602	157340	7573	94407	103.292	104.887	1.25	321834	0.02598873
2015-12-01	34.5	25.20	251936	237.761	244.547	0.65	2.24	1.70	204708062.68738502	157245	7542	94691	103.216	104.964	1.19	322020	0.01480380
2016-01-01	34.2	25.50	252397	237.827	245.075	0.54	2.09	1.52	205097391.34967700	157347	8309	95051	103.313	105.187	1.83	322196	0.01558314
2016-02-01	34.1	25.48	252577	237.514	245.644	0.53	1.78	1.22	205096105.65987900	158279	8219	94298	103.247	105.355	2.02	322353	0.07219195
2016-03-01	34.2	25.49	252768	237.990	245.964	0.66	1.89	1.38	205171284.98047298	158854	8116	93914	103.415	105.487	1.82	322513	0.05588082
2016-04-01	34.3	25.59	252969	238.835	246.467	0.56	1.81	1.26	205242858.70085200	158488	7413	94481	103.763	105.742	2.56	322685	0.06216167
2016-05-01	34.6	25.67	253174	239.440	247.036	0.59	1.81	1.30	205438724.46370000	158800	7207	94374	103.930	105.902	2.06	322867	0.15219819
2016-06-01	34.4	25.41	253397	240.144	247.435	0.55	1.64	1.17	205570395.80628598	160135	8144	93262	104.139	106.032	1.88	323061	0.23579855
2016-07-01	34.4	25.52	253620	240.111	247.791	0.51	1.50	1.07	205754889.23993200	160705	8267	92916	104.202	106.218	2.06	323265	0.18401108
2016-08-01	34.4	25.50	253854	240.595	248.371	0.57	1.56	1.13	205656047.48443200	159800	7996	94054	104.380	106.425	1.89	323473	0.10720098
2016-09-01	34.4	25.73	254091	241.068	248.709	0.59	1.63	1.18	205738194.97183600	159636	7658	94456	104.516	106.527	1.88	323680	0.14629431
2016-10-01	34.8	26.02	254321	241.641	249.068	0.66	1.76	1.27	205837769.08258900	159783	7447	94539	104.744	106.694	1.92	323876	0.12075089
2016-11-01	34.3	25.84	254540	241.993	249.502	0.74	2.14	1.60	205794609.23548900	159451	7066	95089	104.792	106.759	1.53	324052	0.18779801
2016-12-01	34.3	25.87	254742	242.712	249.959	0.87	2.49	1.96	205887159.00766700	158968	7170	95774	105.005	106.897	1.81	324216	0.26471316
2017-01-01	34.4	26.31	254082	243.717	250.519	0.83	2.43	1.92	205411325.30042300	158676	8149	95406	105.392	107.172	2.64	324362	0.15961947
2017-02-01	34.1	26.17	254246	244.028	250.987	0.82	2.42	1.90	205429690.01912400	159482	7887	94764	105.499	107.332	1.47	324494	0.17635397
2017-03-01	34.1	26.14	254414	243.721	250.894	1.01	2.48	2.01	205326029.65891800	159912	7284	94502	105.373	107.250	1.27	324632	0.12401131
2017-04-01	34.6	26.42	254588	244.058	251.129	1.04	2.30	1.82	205362965.41160600	159817	6555	94771	105.617	107.491	1.82	324783	0.06192301
2017-05-01	34.3	26.13	254767	243.926	251.372	1.12	2.30	1.84	205527314.90963800	159979	6572	94788	105.607	107.601	1.23	324944	0.04722374
2017-06-01	34.4	26.03	254957	244.179	251.714	1.20	2.19	1.77	205671666.49153500	161337	7250	93621	105.739	107.765	1.91	325117	0.07590826
2017-07-01	34.8	26.35	255151	244.328	252.009	1.22	2.32	1.87	205819597.23812500	161911	7441	93240	105.784	107.841	1.28	325296	0.08363542
2017-08-01	34.4	26.17	255357	245.304	252.562	1.23	2.21	1.78	205747405.28091702	160863	7287	94494	106.040	107.971	1.72	325476	0.05728685
2017-09-01	34.3	26.46	255562	246.445	252.888	1.28	2.20	1.80	205707719.52700900	161049	6556	94513	106.429	108.157	1.93	325653	0.07549906
2017-10-01	34.8	26.62	255766	246.570	253.534	1.40	2.36	1.98	205725973.80761102	160465	6242	95301	106.596	108.458	2.12	325820	0.08246424
2017-11-01	34.4	26.47	255949	247.333	253.855	1.56	2.35	2.05	205706664.64183600	160466	6286	95483	106.788	108.532	1.73	325968	0.06347833
2017-12-01	34.5	26.58	256109	247.847	254.380	1.70	2.40	2.18	205774741.74717100	159880	6278	96230	106.943	108.693	2.09	326100	0.09159255
2018-01-01	34.0	26.86	256780	248.816	255.106	1.80	2.58	2.38	206413360.03475100	160037	7189	96743	107.290	108.991	2.77	326216	0.10609332
2018-02-01	34.3	26.84	256934	249.475	255.570	1.96	2.86	2.60	206266915.92352700	161494	7091	95439	107.528	109.202	1.93	326323	0.16022246
2018-03-01	34.3	26.87	257097	249.413	256.075	2.06	2.84	2.63	206189300.38536700	161548	6671	95549	107.637	109.442	1.74	326437	0.09770112
2018-04-01	34.8	27.16	257272	249.957	256.487	2.15	2.87	2.70	206206012.76375198	161280	5932	95992	107.865	109.639	1.97	326563	0.12101503
2018-05-01	34.4	26.90	257454	250.640	257.057	2.27	2.98	2.82	206453589.81190800	161765	5756	95689	108.104	109.869	2.67	326699	0.12494919
2018-06-01	34.6	26.79	257642	251.176	257.422	2.33	2.91	2.78	206630028.71794802	163277	6812	94365	108.273	109.993	2.30	326847	0.30381081
2018-07-01	34.9	27.10	257843	251.482	257.902	2.39	2.89	2.78	206724450.95259800	163734	6730	94109	108.379	110.136	1.84	327005	0.16720227
2018-08-01	34.6	27.00	258066	251.905	258.065	2.45	2.89	2.77	206722500.17184302	161909	6370	96157	108.464	110.161	1.52	327167	0.16715820
2018-09-01	34.8	27.45	258290	252.261	258.606	2.56	3.00	2.89	206678088.25703898	161958	5766	96332	108.661	110.401	1.99	327328	0.04226456
2018-10-01	34.4	27.31	258514	252.777	258.993	2.65	3.15	3.00	206610674.20764098	162723	5771	95792	108.816	110.528	1.72	327477	0.07413255
2018-11-01	34.4	27.35	258708	252.662	259.488	2.70	3.12	2.95	206531960.66658700	162665	5650	96043	108.893	110.746	2.60	327607	0.12764983
2018-12-01	34.9	27.69	258888	252.653	259.986	2.66	2.83	2.68	206672775.40010400	162510	6029	96378	108.958	110.954	1.76	327722	0.07287813
2019-01-01	34.1	27.72	258239	252.550	260.566	2.58	2.71	2.54	206378464.63142300	162104	7140	96135	108.872	111.002	1.10	327824	0.02932618
2019-02-01	34.1	27.79	258392	253.181	260.898	2.55	2.68	2.49	206322226.50058800	162793	6625	95599	109.003	111.045	2.07	327921	0.03716548
2019-03-01	34.3	27.79	258537	254.095	261.317	2.49	2.57	2.37	206207576.48697802	162823	6382	95714	109.252	111.174	2.54	328025	0.04494339
2019-04-01	34.3	27.86	258693	254.943	261.835	2.42	2.53	2.33	206232786.89320000	162097	5387	96596	109.609	111.493	2.94	328140	0.07639687
2019-05-01	34.3	27.78	258861	255.167	262.199	2.34	2.40	2.19	206596811.41839900	162655	5503	96207	109.720	111.632	1.49	328267	0.09673743
2019-06-01	34.9	27.90	259037	255.402	262.925	2.00	2.07	1.83	206613729.55888500	164120	6292	94917	109.849	111.874	2.03	328404	0.02712290
2019-07-01	34.3	27.86	259225	256.087	263.587	1.96	2.06	1.83	206576185.54438800	164941	6556	94284	110.042	112.057	2.44	328561	0.03749932
2019-08-01	34.5	27.94	259432	256.294	264.180	1.77	1.63	1.49	206361316.30839800	164019	6203	95413	110.115	112.216	1.93	328730	0.02837402
2019-09-01	34.8	28.30	259638	256.593	264.682	1.80	1.70	1.57	206195908.73141700	163943	5465	95694	110.167	112.302	1.34	328897	0.02556853
2019-10-01	34.3	28.19	259845	257.229	264.987	1.61	1.71	1.53	205993725.12966500	164576	5510	95269	110.377	112.448	2.15	329054	0.02600559
2019-11-01	34.2	28.26	260020	257.824	265.501	1.57	1.81	1.64	205856588.44274098	164386	5441	95634	110.461	112.501	1.69	329191	0.04770039
2019-12-01	34.7	28.51	260181	258.444	265.832	1.55	1.86	1.68	205828738.70670900	164007	5503	96174	110.750	112.753	1.80	329314	0.04741647
2020-01-01	33.9	28.56	259502	258.820	266.476	1.53	1.76	1.56	205590898.44219000	163497	6504	96004	110.917	112.949	2.81	329423	0.06215627
2020-02-01	34.4	28.81	259628	259.050	267.070	1.41	1.50	1.32	205405364.77029100	164235	6218	95393	111.014	113.121	2.12	329527	0.11589273
2020-03-01	34.3	28.91	259758	257.953	266.795	0.33	0.87	0.59	205421002.35125600	162537	7370	97221	110.717	113.013	1.08	329638	0.06897033
2020-04-01	34.1	30.11	259896	255.902	265.601	0.18	0.66	0.39	206912398.16906998	155830	22504	104066	110.131	112.526	1.52	329760	0.01550202
2020-05-01	34.6	29.64	260047	255.768	265.441	0.16	0.67	0.34	207320831.67916000	157975	20514	102072	110.314	112.755	2.09	329894	0.00150547
2020-06-01	34.6	29.11	260204	257.214	266.065	0.18	0.73	0.34	205958516.69661500	160883	18072	99321	110.859	113.145	1.50	330038	0.02509572
2020-07-01	34.5	29.21	260373	258.723	267.715	0.15	0.62	0.28	205977700.82861200	161374	16882	98998	111.152	113.466	2.70	330199	0.05063924
2020-08-01	35.1	29.50	260558	259.681	268.747	0.13	0.65	0.27	205889183.70661300	160966	13742	99592	111.482	113.818	2.22	330368	0.13873425
2020-09-01	34.5	29.45	260742	260.209	269.264	0.13	0.68	0.27	206146270.94298500	160073	12277	100670	111.658	114.019	1.41	330535	0.19110487
2020-10-01	34.8	29.46	260925	260.325	269.296	0.13	0.79	0.34	205815862.97060400	161053	10620	99872	111.689	114.038	1.01	330692	0.09455632
2020-11-01	35.1	29.75	261085	260.817	269.887	0.12	0.87	0.39	205849572.24278300	160468	10264	100617	111.694	114.041	0.58	330829	0.04301367
2020-12-01	34.8	29.83	261230	261.775	270.117	0.10	0.93	0.39	205579631.95870400	160017	10404	101213	112.169	114.389	1.87	330983	0.05385834
2021-01-01	34.6	30.08	260851			0.10	1.08	0.45		159234	10851	101618					0.13549694
