DATE	Population	PopOver16	LaborForce	Unemployed	CPI	CPIexFE	PCE	PCEexFE	GS1	GS5	GS10
1967-01-01	197814	128909	75320	3159	32.900	34.200	18.224	19.095	4.75	4.70	4.58
1967-02-01	197965	129032	75689	3184	33.000	34.200	18.245	19.129	4.71	4.74	4.63
1967-03-01	198122	129190	75514	2954	33.000	34.300	18.255	19.158	4.35	4.54	4.54
1967-04-01	198287	129344	76109	2664	33.100	34.400	18.285	19.211	4.11	4.51	4.59
1967-05-01	198452	129515	76096	2458	33.100	34.500	18.320	19.253	4.15	4.75	4.85
1967-06-01	198627	129722	79021	3628	33.300	34.600	18.379	19.302	4.48	5.01	5.02
1967-07-01	198812	129918	79469	3249	33.400	34.700	18.441	19.368	5.01	5.23	5.16
1967-08-01	199012	130187	79112	2942	33.500	34.900	18.499	19.427	5.13	5.31	5.28
1967-09-01	199212	130392	77527	2895	33.600	35.000	18.555	19.496	5.24	5.40	5.30
1967-10-01	199405	130582	78132	2952	33.700	35.100	18.606	19.569	5.37	5.57	5.48
1967-11-01	199578	130754	78121	2903	33.900	35.200	18.668	19.631	5.61	5.78	5.75
1967-12-01	199733	130936	78057	2720	34.000	35.400	18.698	19.679	5.71	5.75	5.70
1968-01-01	199864	131112	76346	3074	34.100	35.500	18.784	19.766	5.43	5.54	5.53
1968-02-01	199988	131277	77401	3287	34.200	35.700	18.861	19.852	5.41	5.59	5.56
1968-03-01	200132	131412	77446	2929	34.300	35.800	18.923	19.931	5.58	5.76	5.74
1968-04-01	200285	131553	77634	2491	34.400	35.900	18.982	20.004	5.71	5.69	5.64
1968-05-01	200449	131712	78235	2304	34.500	36.000	19.052	20.080	6.14	6.04	5.87
1968-06-01	200621	131872	80888	3615	34.700	36.200	19.113	20.158	5.98	5.85	5.72
1968-07-01	200802	132053	80965	3217	34.900	36.400	19.171	20.225	5.65	5.60	5.50
1968-08-01	200997	132251	80203	2772	35.000	36.500	19.250	20.304	5.43	5.50	5.42
1968-09-01	201193	132446	78546	2607	35.100	36.700	19.317	20.387	5.45	5.48	5.46
1968-10-01	201378	132617	78875	2510	35.300	36.900	19.402	20.469	5.57	5.55	5.58
1968-11-01	201544	132903	79184	2576	35.400	37.100	19.467	20.546	5.75	5.66	5.70
1968-12-01	201691	133120	79117	2418	35.600	37.200	19.508	20.609	6.19	6.12	6.03
1969-01-01	201821	133324	78232	2875	35.700	37.300	19.584	20.687	6.34	6.25	6.04
1969-02-01	201952	133465	79103	2923	35.800	37.600	19.633	20.757	6.41	6.34	6.19
1969-03-01	202092	133639	79267	2747	36.100	37.800	19.726	20.854	6.34	6.41	6.30
1969-04-01	202246	133821	79619	2542	36.300	38.100	19.812	20.935	6.26	6.30	6.17
1969-05-01	202419	134027	79565	2300	36.400	38.100	19.892	21.018	6.42	6.54	6.32
1969-06-01	202592	134213	82357	3399	36.600	38.300	19.989	21.091	7.04	6.75	6.57
1969-07-01	202777	134414	82797	3182	36.800	38.500	20.076	21.189	7.60	7.01	6.72
1969-08-01	202984	134597	82516	2870	36.900	38.700	20.132	21.249	7.54	7.03	6.69
1969-09-01	203196	134774	80984	2958	37.100	38.900	20.216	21.334	7.82	7.57	7.16
1969-10-01	203401	135012	81511	2840	37.300	39.100	20.285	21.425	7.64	7.51	7.10
1969-11-01	203588	135239	81427	2711	37.500	39.200	20.372	21.507	7.89	7.53	7.14
1969-12-01	203762	135489	81416	2627	37.700	39.400	20.465	21.587	8.17	7.96	7.65
1970-01-01	203929	135713	80719	3406	37.900	39.600	20.539	21.659	8.10	8.17	7.79
1970-02-01	204082	135957	81283	3794	38.100	39.800	20.620	21.742	7.59	7.82	7.24
1970-03-01	204246	136179	81689	3732	38.300	40.100	20.672	21.823	6.97	7.21	7.07
1970-04-01	204504	136416	81960	3552	38.500	40.400	20.776	21.909	7.06	7.50	7.39
1970-05-01	204719	136686	81758	3385	38.600	40.500	20.842	21.986	7.75	7.97	7.91
1970-06-01	204941	136928	84087	4671	38.800	40.800	20.896	22.066	7.55	7.85	7.84
1970-07-01	205174	137196	84857	4514	38.900	40.900	20.973	22.149	7.10	7.59	7.46
1970-08-01	205418	137455	84191	4226	39.000	41.100	21.028	22.226	6.98	7.57	7.53
1970-09-01	205664	137717	82641	4300	39.200	41.300	21.122	22.319	6.73	7.29	7.39
1970-10-01	205906	137988	83288	4269	39.400	41.500	21.227	22.429	6.43	7.12	7.33
1970-11-01	206131	138264	83478	4618	39.600	41.800	21.310	22.544	5.51	6.47	6.84
1970-12-01	206352	138529	83301	4650	39.800	42.000	21.405	22.658	5.00	5.95	6.39
1971-01-01	206567	138795	82818	5429	39.900	42.100	21.450	22.747	4.57	5.89	6.24
1971-02-01	206762	139021	82885	5458	39.900	42.200	21.513	22.834	3.89	5.56	6.11
1971-03-01	206960	139285	82866	5190	40.000	42.200	21.584	22.907	3.69	5.00	5.70
1971-04-01	207163	139566	83116	4712	40.100	42.400	21.669	22.992	4.30	5.65	5.83
1971-05-01	207361	139826	83344	4415	40.300	42.600	21.759	23.093	5.04	6.28	6.39
1971-06-01	207562	140090	85228	5511	40.500	42.800	21.855	23.184	5.64	6.53	6.52
1971-07-01	207771	140343	86296	5354	40.600	42.900	21.921	23.273	6.04	6.85	6.73
1971-08-01	207998	140596	85984	5086	40.700	43.000	21.985	23.305	5.80	6.55	6.58
1971-09-01	208230	140869	84456	4867	40.800	43.000	22.018	23.344	5.41	6.14	6.14
1971-10-01	208450	141146	84974	4599	40.900	43.100	22.052	23.381	4.91	5.93	5.93
1971-11-01	208648	141393	85374	4846	41.000	43.200	22.097	23.433	4.67	5.78	5.81
1971-12-01	208829	141666	85255	4728	41.100	43.300	22.184	23.507	4.60	5.69	5.93
1972-01-01	208989	142736	84940	5481	41.200	43.500	22.275	23.607	4.28	5.59	5.95
1972-02-01	209137	143017	85180	5446	41.400	43.600	22.363	23.671	4.27	5.69	6.08
1972-03-01	209299	143263	85828	5250	41.400	43.600	22.395	23.717	4.67	5.87	6.07
1972-04-01	209466	143483	85759	4732	41.500	43.800	22.429	23.772	4.96	6.17	6.19
1972-05-01	209635	143760	86028	4382	41.600	43.900	22.478	23.828	4.64	5.85	6.13
1972-06-01	209811	144033	88540	5467	41.700	44.000	22.513	23.875	4.93	5.91	6.11
1972-07-01	209986	144285	89127	5216	41.800	44.100	22.593	23.944	4.96	5.97	6.11
1972-08-01	210177	144522	88894	4901	41.900	44.300	22.659	23.994	4.98	6.02	6.21
1972-09-01	210379	144761	87242	4705	42.100	44.300	22.760	24.075	5.52	6.25	6.55
1972-10-01	210568	144988	87741	4518	42.200	44.400	22.786	24.088	5.52	6.18	6.48
1972-11-01	210739	145211	87548	4317	42.400	44.400	22.854	24.152	5.27	6.12	6.28
1972-12-01	210903	145446	87593	4169	42.500	44.600	22.927	24.225	5.52	6.16	6.36
1973-01-01	211053	145720	86327	4730	42.700	44.600	22.996	24.240	5.89	6.34	6.46
1973-02-01	211187	145943	87303	4898	43.000	44.800	23.117	24.316	6.19	6.60	6.64
1973-03-01	211337	146230	87961	4564	43.400	45.000	23.280	24.414	6.85	6.80	6.71
1973-04-01	211499	146459	88127	4227	43.700	45.100	23.454	24.556	6.85	6.67	6.67
1973-05-01	211662	146719	88238	3855	43.900	45.300	23.569	24.651	6.89	6.80	6.85
1973-06-01	211828	146981	91124	4907	44.200	45.400	23.704	24.757	7.31	6.69	6.90
1973-07-01	212001	147233	91655	4613	44.200	45.500	23.790	24.863	8.39	7.33	7.13
1973-08-01	212191	147471	90888	4273	45.000	45.700	24.064	24.979	8.82	7.63	7.40
1973-09-01	212382	147731	89782	4230	45.200	46.000	24.160	25.105	8.31	7.05	7.09
1973-10-01	212555	147980	90547	3830	45.600	46.300	24.296	25.202	7.40	6.77	6.79
1973-11-01	212710	148219	90690	4127	45.900	46.500	24.495	25.324	7.57	6.92	6.73
1973-12-01	212859	148479	90520	4130	46.300	46.700	24.697	25.464	7.27	6.80	6.74
1974-01-01	213003	148753	89924	5081	46.800	46.900	24.934	25.589	7.42	6.95	6.99
1974-02-01	213143	148982	90273	5212	47.300	47.200	25.224	25.753	6.88	6.82	6.96
1974-03-01	213286	149225	90486	4826	47.800	47.600	25.517	25.953	7.76	7.31	7.21
1974-04-01	213437	149478	90366	4372	48.100	47.900	25.697	26.147	8.62	7.92	7.51
1974-05-01	213600	149750	90830	4219	48.600	48.500	25.950	26.398	8.78	8.18	7.58
1974-06-01	213770	150012	93481	5459	49.000	49.000	26.170	26.670	8.67	8.10	7.54
1974-07-01	213948	150248	94238	5341	49.300	49.500	26.363	26.906	8.80	8.38	7.81
1974-08-01	214144	150493	93446	4967	49.900	50.200	26.639	27.165	9.36	8.63	8.04
1974-09-01	214349	150753	92449	5287	50.600	50.700	26.916	27.409	8.87	8.37	8.04
1974-10-01	214538	151009	92909	5131	51.000	51.200	27.108	27.623	8.05	7.97	7.90
1974-11-01	214704	151256	92638	5775	51.500	51.600	27.312	27.825	7.66	7.68	7.68
1974-12-01	214857	151494	92368	6199	51.900	52.000	27.528	28.021	7.31	7.31	7.43
1975-01-01	214998	151755	92200	8272	52.300	52.300	27.698	28.185	6.83	7.41	7.50
1975-02-01	215132	151990	91972	8399	52.600	52.800	27.849	28.384	5.98	7.11	7.39
1975-03-01	215276	152217	92464	8446	52.800	53.000	27.943	28.533	6.11	7.30	7.73
1975-04-01	215438	152443	92459	7908	53.000	53.300	28.039	28.671	6.90	7.99	8.23
1975-05-01	215646	152704	92888	7715	53.100	53.500	28.150	28.793	6.39	7.72	8.06
1975-06-01	215871	152976	95174	8667	53.500	53.800	28.326	28.933	6.29	7.51	7.86
1975-07-01	216084	153309	96053	8311	54.000	54.000	28.569	29.112	7.11	7.92	8.06
1975-08-01	216294	153580	95525	7799	54.200	54.200	28.693	29.212	7.70	8.33	8.40
1975-09-01	216490	153848	94023	7624	54.600	54.500	28.835	29.371	7.75	8.37	8.43
1975-10-01	216679	154082	94510	7350	54.900	54.800	29.003	29.517	6.95	7.97	8.14
1975-11-01	216851	154338	94041	7341	55.300	55.200	29.189	29.713	6.49	7.80	8.05
1975-12-01	217013	154589	93995	7307	55.600	55.500	29.350	29.893	6.60	7.76	8.00
1976-01-01	217172	154853	93938	8286	55.800	55.900	29.462	30.046	5.81	7.46	7.74
1976-02-01	217315	155066	94075	8143	55.900	56.200	29.500	30.166	5.91	7.45	7.79
1976-03-01	217455	155306	94400	7631	56.000	56.500	29.544	30.266	6.21	7.49	7.73
1976-04-01	217607	155529	94782	6996	56.100	56.700	29.611	30.384	5.92	7.25	7.56
1976-05-01	217773	155765	94925	6415	56.400	57.000	29.752	30.527	6.40	7.59	7.90
1976-06-01	217948	156027	97499	7772	56.700	57.200	29.882	30.651	6.52	7.61	7.86
1976-07-01	218134	156276	98605	7697	57.000	57.600	30.033	30.820	6.20	7.49	7.83
1976-08-01	218337	156525	98133	7443	57.300	57.900	30.199	30.997	6.00	7.31	7.77
1976-09-01	218542	156779	96430	7148	57.600	58.200	30.369	31.179	5.84	7.13	7.59
1976-10-01	218739	156993	96999	6958	57.900	58.500	30.528	31.332	5.50	6.75	7.41
1976-11-01	218920	157235	97116	7224	58.100	58.700	30.667	31.475	5.29	6.52	7.29
1976-12-01	219093	157438	97004	7154	58.400	58.900	30.839	31.645	4.89	6.10	6.87
1977-01-01	219262	157688	96197	7980	58.700	59.300	31.017	31.838	5.29	6.58	7.21
1977-02-01	219424	157913	96837	8237	59.300	59.700	31.260	32.033	5.47	6.83	7.39
1977-03-01	219594	158131	97277	7680	59.600	60.000	31.417	32.169	5.50	6.93	7.46
1977-04-01	219772	158371	97352	6692	60.000	60.300	31.600	32.329	5.44	6.79	7.37
1977-05-01	219953	158657	97755	6280	60.200	60.600	31.760	32.494	5.84	6.94	7.46
1977-06-01	220143	158929	100743	7589	60.500	61.000	31.937	32.687	5.80	6.76	7.28
1977-07-01	220349	159185	100960	7081	60.800	61.200	32.103	32.890	5.94	6.84	7.33
1977-08-01	220573	159430	100744	6897	61.100	61.500	32.253	33.051	6.37	7.03	7.40
1977-09-01	220796	159674	99367	6579	61.300	61.800	32.374	33.190	6.53	7.04	7.34
1977-10-01	221007	159915	100144	6365	61.600	62.000	32.524	33.351	6.97	7.32	7.52
1977-11-01	221206	160129	100522	6495	62.000	62.300	32.712	33.524	6.95	7.34	7.58
1977-12-01	221390	160377	100213	6031	62.300	62.700	32.870	33.697	6.96	7.48	7.69
1978-01-01	221553	160617	99664	7048	62.700	63.100	33.064	33.899	7.28	7.77	7.96
1978-02-01	221711	160831	99641	6886	63.000	63.400	33.218	34.029	7.34	7.83	8.03
1978-03-01	221892	161038	100166	6621	63.400	63.800	33.433	34.213	7.31	7.86	8.04
1978-04-01	222084	161263	100610	5826	63.900	64.300	33.686	34.435	7.45	7.98	8.15
1978-05-01	222278	161518	101092	5605	64.500	64.700	33.927	34.637	7.82	8.18	8.35
1978-06-01	222482	161795	104010	6481	65.000	65.200	34.149	34.831	8.09	8.36	8.46
1978-07-01	222697	162034	104512	6597	65.500	65.600	34.336	35.035	8.39	8.54	8.64
1978-08-01	222933	162259	103946	6090	65.900	66.100	34.509	35.224	8.31	8.33	8.41
1978-09-01	223168	162502	102748	5958	66.500	66.700	34.706	35.426	8.64	8.43	8.42
1978-10-01	223383	162783	103474	5624	67.100	67.200	34.981	35.686	9.14	8.61	8.64
1978-11-01	223585	163017	103586	5797	67.500	67.600	35.180	35.878	10.01	8.84	8.81
1978-12-01	223781	163272	103565	5896	67.900	68.000	35.345	36.018	10.30	9.08	9.01
1979-01-01	223973	163516	102802	6602	68.500	68.500	35.611	36.203	10.41	9.20	9.10
1979-02-01	224150	163726	103185	6649	69.200	69.200	35.802	36.321	10.24	9.13	9.10
1979-03-01	224333	164027	103606	6325	69.900	69.800	36.081	36.530	10.25	9.20	9.12
1979-04-01	224529	164162	103198	5720	70.600	70.300	36.457	36.867	10.12	9.25	9.18
1979-05-01	224734	164459	103476	5419	71.400	70.800	36.835	37.187	10.12	9.24	9.25
1979-06-01	224948	164721	106210	6409	72.200	71.300	37.138	37.396	9.57	8.85	8.91
1979-07-01	225174	164970	107096	6282	73.000	71.900	37.422	37.583	9.64	8.90	8.95
1979-08-01	225419	165198	106489	6315	73.700	72.700	37.708	37.833	9.98	9.06	9.03
1979-09-01	225662	165431	105510	5978	74.400	73.300	38.041	38.091	10.84	9.41	9.33
1979-10-01	225893	165813	106084	5964	75.200	74.000	38.351	38.369	12.44	10.63	10.30
1979-11-01	226120	166051	105871	5964	76.000	74.800	38.617	38.615	12.39	10.93	10.65
1979-12-01	226339	166300	106040	6027	76.900	75.700	38.942	38.892	11.98	10.42	10.39
1980-01-01	226554	166544	105344	7234	78.000	76.700	39.349	39.187	12.06	10.74	10.80
1980-02-01	226753	166759	105412	7177	79.000	77.500	39.776	39.578	13.92	12.60	12.41
1980-03-01	226955	166984	105510	6983	80.100	78.600	40.264	39.945	15.82	13.47	12.75
1980-04-01	227156	167197	105592	7023	80.900	79.500	40.475	40.150	13.30	11.84	11.47
1980-05-01	227387	167407	106233	7501	81.700	80.100	40.790	40.473	9.39	9.95	10.18
1980-06-01	227624	167643	108311	8481	82.500	81.000	41.047	40.742	8.16	9.21	9.78
1980-07-01	227840	167932	109268	8603	82.600	80.800	41.365	41.028	8.65	9.53	10.25
1980-08-01	228070	168103	108404	8202	83.200	81.300	41.711	41.325	10.24	10.84	11.10
1980-09-01	228302	168297	106989	7655	83.900	82.100	42.096	41.714	11.52	11.62	11.51
1980-10-01	228515	168503	107673	7674	84.700	83.000	42.434	42.058	12.49	11.86	11.75
1980-11-01	228696	168695	107532	7682	85.600	83.900	42.779	42.389	14.15	12.83	12.68
1980-12-01	228858	168883	107009	7430	86.400	84.900	43.057	42.644	14.88	13.25	12.84
1981-01-01	229004	169104	106885	8746	87.200	85.400	43.470	43.013	14.08	12.77	12.57
1981-02-01	229148	169280	107015	8614	88.000	85.900	43.910	43.328	14.57	13.41	13.19
1981-03-01	229314	169453	107634	8271	88.600	86.400	44.216	43.568	13.71	13.41	13.12
1981-04-01	229489	169641	107906	7561	89.100	87.000	44.409	43.847	14.32	13.99	13.68
1981-05-01	229668	169829	108586	7731	89.700	87.800	44.609	44.148	16.20	14.63	14.10
1981-06-01	229864	170042	109904	8485	90.500	88.600	44.787	44.369	14.86	13.95	13.47
1981-07-01	230077	170246	110742	8130	91.500	89.800	45.057	44.636	15.72	14.79	14.28
1981-08-01	230300	170399	110099	7947	92.200	90.700	45.338	44.936	16.72	15.56	14.94
1981-09-01	230527	170593	108273	7884	93.100	91.800	45.613	45.230	16.52	15.93	15.32
1981-10-01	230732	170809	109244	8216	93.400	92.100	45.820	45.499	15.38	15.41	15.15
1981-11-01	230906	170996	109179	8676	93.800	92.500	46.065	45.765	12.41	13.38	13.39
1981-12-01	231073	171166	108574	9013	94.100	93.000	46.208	45.934	12.85	13.60	13.72
1982-01-01	231235	171335	108014	10183	94.400	93.300	46.483	46.216	14.32	14.65	14.59
1982-02-01	231392	171489	108324	10378	94.700	93.800	46.622	46.395	14.73	14.54	14.43
1982-03-01	231558	171667	108761	10290	94.700	93.900	46.742	46.597	13.95	13.98	13.86
1982-04-01	231727	171844	108814	9957	95.000	94.700	46.766	46.781	13.98	14.00	13.87
1982-05-01	231901	172026	109914	9957	95.900	95.400	47.043	47.037	13.34	13.75	13.62
1982-06-01	232090	172190	111569	10886	97.000	96.100	47.384	47.273	14.07	14.43	14.30
1982-07-01	232290	172364	112526	11036	97.500	96.700	47.665	47.579	13.24	14.07	13.95
1982-08-01	232496	172511	111887	10710	97.700	97.100	47.813	47.798	11.43	13.00	13.06
1982-09-01	232708	172690	110546	10695	97.700	97.200	47.946	47.975	10.85	12.25	12.34
1982-10-01	232905	172881	110767	10942	98.100	97.500	48.215	48.279	9.32	10.80	10.91
1982-11-01	233077	173058	110855	11476	98.000	97.300	48.359	48.458	9.16	10.38	10.55
1982-12-01	233241	173199	110477	11628	97.700	97.200	48.432	48.612	8.91	10.22	10.54
1983-01-01	233398	173354	109779	12517	97.900	97.600	48.659	48.945	8.62	10.03	10.46
1983-02-01	233543	173505	109647	12382	98.000	98.000	48.741	49.126	8.92	10.26	10.72
1983-03-01	233697	173656	109873	11879	98.100	98.200	48.804	49.188	9.04	10.08	10.51
1983-04-01	233852	173794	109875	11035	98.800	98.600	49.027	49.337	8.98	10.02	10.40
1983-05-01	234020	173953	110308	10765	99.200	98.900	49.166	49.408	8.90	10.03	10.38
1983-06-01	234213	174125	113383	11570	99.400	99.200	49.349	49.639	9.66	10.63	10.85
1983-07-01	234404	174306	113980	10707	99.800	99.800	49.627	49.973	10.20	11.21	11.38
1983-08-01	234601	174440	113578	10411	100.100	100.100	49.840	50.231	10.53	11.63	11.85
1983-09-01	234804	174602	112197	9830	100.400	100.500	50.014	50.434	10.16	11.43	11.65
1983-10-01	234993	174779	112042	9383	100.800	101.000	50.099	50.523	9.81	11.28	11.54
1983-11-01	235157	174951	112147	9129	101.100	101.500	50.170	50.641	9.94	11.41	11.69
1983-12-01	235310	175121	111795	8992	101.400	101.800	50.198	50.679	10.11	11.54	11.83
1984-01-01	235456	175533	111025	9755	102.100	102.500	50.416	50.848	9.90	11.37	11.67
1984-02-01	235601	175679	111368	9407	102.600	102.800	50.755	51.168	10.04	11.54	11.84
1984-03-01	235757	175824	111828	9057	102.900	103.200	50.922	51.362	10.59	12.02	12.32
1984-04-01	235916	175969	112152	8525	103.300	103.700	51.115	51.604	10.90	12.37	12.63
1984-05-01	236077	176123	113251	8154	103.500	104.100	51.180	51.724	11.66	13.17	13.41
1984-06-01	236254	176284	115393	8582	103.700	104.500	51.271	51.845	12.08	13.48	13.56
1984-07-01	236449	176440	116198	8714	104.100	105.000	51.455	52.069	12.03	13.27	13.36
1984-08-01	236655	176583	115076	8382	104.400	105.400	51.613	52.241	11.82	12.68	12.72
1984-09-01	236868	176763	113843	8051	104.700	105.800	51.683	52.321	11.58	12.53	12.52
1984-10-01	237068	176956	114250	7989	105.100	106.200	51.805	52.438	10.90	12.06	12.16
1984-11-01	237238	177135	114115	7869	105.300	106.400	51.877	52.549	9.82	11.33	11.57
1984-12-01	237392	177306	114028	7978	105.500	106.800	52.023	52.757	9.33	11.07	11.50
1985-01-01	237535	177384	113475	9131	105.700	107.100	52.283	53.053	9.02	10.93	11.38
1985-02-01	237667	177516	113592	8902	106.300	107.700	52.527	53.328	9.29	11.13	11.51
1985-03-01	237816	177667	114394	8625	106.800	108.100	52.732	53.515	9.86	11.52	11.86
1985-04-01	237987	177799	114325	8150	107.000	108.400	52.808	53.579	9.14	11.01	11.43
1985-05-01	238172	177944	114890	8011	107.200	108.800	52.934	53.764	8.46	10.34	10.85
1985-06-01	238368	178096	116572	8753	107.500	109.100	53.078	53.941	7.80	9.60	10.16
1985-07-01	238573	178263	117536	8682	107.700	109.400	53.208	54.099	7.86	9.70	10.31
1985-08-01	238789	178405	116679	8051	107.900	109.800	53.384	54.364	8.05	9.81	10.33
1985-09-01	239006	178572	115850	7984	108.100	110.000	53.474	54.477	8.07	9.81	10.37
1985-10-01	239210	178770	116346	7917	108.500	110.500	53.563	54.564	8.01	9.69	10.24
1985-11-01	239392	178940	116097	7815	109.000	111.100	53.719	54.698	7.88	9.28	9.78
1985-12-01	239558	179112	115780	7717	109.500	111.400	53.900	54.847	7.67	8.73	9.26
1986-01-01	239713	179670	115431	8472	109.900	111.900	54.148	55.143	7.73	8.68	9.19
1986-02-01	239858	179821	115725	9041	109.700	112.200	54.148	55.286	7.61	8.34	8.70
1986-03-01	240011	179985	116309	8667	109.100	112.500	54.029	55.454	7.03	7.46	7.78
1986-04-01	240183	180148	116317	8115	108.700	112.900	53.918	55.554	6.44	7.05	7.30
1986-05-01	240365	180311	117199	8158	109.000	113.100	54.017	55.649	6.65	7.52	7.71
1986-06-01	240555	180503	119644	8775	109.400	113.400	54.218	55.816	6.73	7.64	7.80
1986-07-01	240753	180682	120303	8471	109.500	113.800	54.231	55.917	6.27	7.06	7.30
1986-08-01	240961	180828	119471	7955	109.600	114.200	54.300	56.032	5.93	6.80	7.17
1986-09-01	241171	180997	118244	8015	110.000	114.600	54.477	56.216	5.77	6.92	7.45
1986-10-01	241371	181186	118699	7842	110.200	115.000	54.575	56.407	5.72	6.83	7.43
1986-11-01	241544	181363	118623	7872	110.400	115.300	54.673	56.526	5.80	6.76	7.25
1986-12-01	241702	181547	118049	7461	110.800	115.600	54.746	56.599	5.87	6.67	7.11
1987-01-01	241857	181827	117703	8620	111.400	115.900	55.002	56.733	5.78	6.64	7.08
1987-02-01	242005	181998	117967	8503	111.800	116.200	55.195	56.847	5.96	6.79	7.25
1987-03-01	242166	182179	118353	8124	112.200	116.600	55.341	57.015	6.03	6.79	7.25
1987-04-01	242338	182344	118347	7306	112.700	117.300	55.547	57.257	6.50	7.57	8.02
1987-05-01	242516	182533	119695	7318	113.000	117.700	55.688	57.417	7.00	8.26	8.61
1987-06-01	242706	182703	121153	7655	113.500	117.900	55.899	57.575	6.80	8.02	8.40
1987-07-01	242908	182885	122105	7453	113.800	118.300	56.028	57.724	6.68	8.01	8.45
1987-08-01	243118	183002	121614	7088	114.300	118.700	56.250	57.918	7.03	8.32	8.76
1987-09-01	243335	183161	119884	6857	114.700	119.200	56.439	58.148	7.67	8.94	9.42
1987-10-01	243543	183311	120744	6845	115.000	119.800	56.618	58.396	7.59	9.08	9.52
1987-11-01	243724	183470	120611	6802	115.400	120.100	56.726	58.519	6.96	8.35	8.86
1987-12-01	243895	183620	120206	6526	115.600	120.400	56.831	58.642	7.17	8.45	8.99
1988-01-01	244056	183822	119742	7603	116.000	120.900	57.051	58.919	6.99	8.18	8.67
1988-02-01	244205	183969	119942	7482	116.200	121.200	57.135	59.040	6.64	7.71	8.21
1988-03-01	244362	184111	119957	7090	116.500	121.700	57.332	59.292	6.71	7.83	8.37
1988-04-01	244528	184232	120264	6359	117.200	122.300	57.611	59.581	7.01	8.19	8.72
1988-05-01	244708	184374	120775	6553	117.500	122.700	57.778	59.784	7.40	8.58	9.09
1988-06-01	244914	184562	123028	6819	118.000	123.200	58.024	60.036	7.49	8.49	8.92
1988-07-01	245131	184729	123888	6823	118.500	123.600	58.306	60.281	7.75	8.66	9.06
1988-08-01	245352	184830	123396	6659	119.000	124.000	58.479	60.430	8.17	8.94	9.26
1988-09-01	245579	184962	121842	6368	119.500	124.700	58.764	60.755	8.09	8.69	8.98
1988-10-01	245789	185114	122432	6182	119.900	125.200	58.956	60.986	8.11	8.51	8.80
1988-11-01	245970	185244	122639	6325	120.300	125.600	59.092	61.153	8.48	8.79	8.96
1988-12-01	246140	185402	122120	6142	120.700	126.000	59.277	61.356	8.99	9.09	9.11
1989-01-01	246301	185644	122095	7309	121.200	126.500	59.581	61.666	9.05	9.15	9.09
1989-02-01	246454	185777	121906	6883	121.600	126.900	59.779	61.823	9.25	9.27	9.17
1989-03-01	246626	185897	122223	6378	122.200	127.400	60.002	62.008	9.57	9.51	9.36
1989-04-01	246814	186024	122576	6229	123.100	127.800	60.402	62.215	9.36	9.30	9.18
1989-05-01	247010	186181	123196	6156	123.700	128.300	60.622	62.401	8.98	8.91	8.86
1989-06-01	247228	186329	125569	6850	124.100	128.800	60.755	62.567	8.44	8.29	8.28
1989-07-01	247458	186483	126238	6736	124.500	129.200	60.900	62.728	7.89	7.83	8.02
1989-08-01	247695	186598	125444	6352	124.500	129.500	60.907	62.816	8.18	8.09	8.11
1989-09-01	247942	186726	123828	6330	124.800	129.900	61.043	63.034	8.22	8.17	8.19
1989-10-01	248174	186871	124416	6222	125.400	130.600	61.281	63.262	7.99	7.97	8.01
1989-11-01	248380	187017	124664	6495	125.900	131.100	61.415	63.430	7.77	7.81	7.87
1989-12-01	248569	187165	123998	6300	126.300	131.600	61.593	63.611	7.72	7.75	7.84
1990-01-01	248743	188413	124358	7413	127.500	132.100	62.060	63.856	7.92	8.12	8.21
1990-02-01	248920	188516	124487	7296	128.000	132.700	62.333	64.166	8.11	8.42	8.47
1990-03-01	249146	188630	124838	6852	128.600	133.500	62.568	64.474	8.35	8.60	8.59
1990-04-01	249436	188778	124837	6620	128.900	134.000	62.699	64.666	8.40	8.77	8.79
1990-05-01	249707	188913	125682	6533	129.100	134.400	62.840	64.864	8.32	8.74	8.76
1990-06-01	249990	189058	127407	6884	129.900	135.100	63.118	65.116	8.10	8.43	8.48
1990-07-01	250285	189188	128019	7137	130.500	135.800	63.274	65.280	7.94	8.33	8.47
1990-08-01	250595	189342	127105	7008	131.600	136.600	63.695	65.552	7.78	8.44	8.75
1990-09-01	250904	189528	125785	7003	132.500	137.100	64.086	65.781	7.76	8.51	8.89
1990-10-01	251201	189710	126067	6892	133.400	137.600	64.453	66.004	7.55	8.33	8.72
1990-11-01	251486	189872	125858	7396	133.700	138.000	64.534	66.083	7.31	8.02	8.39
1990-12-01	251758	190017	125635	7525	134.200	138.600	64.595	66.176	7.05	7.73	8.08
1991-01-01	252012	190163	124623	8787	134.700	139.500	64.840	66.506	6.64	7.70	8.09
1991-02-01	252253	190271	125061	9121	134.800	140.200	64.873	66.689	6.27	7.47	7.85
1991-03-01	252507	190381	125435	8995	134.800	140.500	64.887	66.828	6.40	7.77	8.11
1991-04-01	252778	190517	125698	8226	135.100	140.900	65.004	66.961	6.24	7.70	8.04
1991-05-01	253060	190650	125863	8435	135.600	141.300	65.274	67.229	6.13	7.70	8.07
1991-06-01	253350	190800	128143	8992	136.000	141.800	65.384	67.374	6.36	7.94	8.28
1991-07-01	253650	190946	128458	8792	136.200	142.300	65.487	67.579	6.31	7.91	8.27
1991-08-01	253966	191116	127197	8439	136.600	142.900	65.639	67.765	5.78	7.43	7.90
1991-09-01	254280	191302	126426	8270	137.000	143.400	65.865	68.036	5.57	7.14	7.65
1991-10-01	254576	191497	126636	8232	137.200	143.700	65.989	68.186	5.33	6.87	7.53
1991-11-01	254841	191657	126466	8494	137.800	144.200	66.133	68.313	4.89	6.62	7.42
1991-12-01	255089	191798	126150	8755	138.200	144.700	66.299	68.482	4.38	6.19	7.09
1992-01-01	255331	191953	126114	10186	138.300	145.100	66.389	68.667	4.15	6.24	7.03
1992-02-01	255576	192067	126425	10401	138.600	145.400	66.557	68.854	4.29	6.58	7.34
1992-03-01	255848	192204	126843	9913	139.100	145.900	66.718	69.026	4.63	6.95	7.54
1992-04-01	256139	192354	126911	9135	139.400	146.300	66.899	69.252	4.30	6.78	7.48
1992-05-01	256437	192503	127777	9389	139.700	146.800	66.987	69.350	4.19	6.69	7.39
1992-06-01	256742	192663	130197	10366	140.100	147.100	67.107	69.404	4.17	6.48	7.26
1992-07-01	257063	192826	130844	10099	140.500	147.600	67.328	69.666	3.60	5.84	6.84
1992-08-01	257390	193018	129676	9605	140.800	147.900	67.418	69.730	3.47	5.60	6.59
1992-09-01	257704	193229	128196	9316	141.100	148.100	67.528	69.843	3.18	5.38	6.42
1992-10-01	258004	193442	127998	8813	141.700	148.800	67.767	70.112	3.30	5.60	6.59
1992-11-01	258280	193621	128245	9086	142.100	149.200	67.900	70.265	3.68	6.04	6.87
1992-12-01	258546	193784	128035	9045	142.300	149.600	68.018	70.395	3.71	6.08	6.77
1993-01-01	258799	193962	127186	10158	142.800	150.100	68.184	70.600	3.50	5.83	6.60
1993-02-01	259036	194108	127651	10004	143.100	150.600	68.287	70.735	3.39	5.43	6.26
1993-03-01	259283	194248	127829	9478	143.300	150.800	68.427	70.889	3.33	5.19	5.98
1993-04-01	259547	194398	127616	8835	143.800	151.400	68.609	71.095	3.24	5.13	5.97
1993-05-01	259822	194549	128949	8807	144.200	151.800	68.821	71.336	3.36	5.20	6.04
1993-06-01	260109	194719	131060	9473	144.300	152.100	68.845	71.404	3.54	5.22	5.96
1993-07-01	260411	194882	131574	9223	144.500	152.300	68.954	71.552	3.47	5.09	5.81
1993-08-01	260717	195063	130673	8655	144.800	152.800	69.072	71.686	3.44	5.03	5.68
1993-09-01	261015	195259	128975	8302	145.000	152.900	69.144	71.793	3.36	4.73	5.36
1993-10-01	261294	195444	129685	8296	145.600	153.400	69.362	71.912	3.39	4.71	5.33
1993-11-01	261550	195625	129662	8094	146.000	153.900	69.493	72.097	3.58	5.06	5.72
1993-12-01	261796	195794	129537	7959	146.300	154.300	69.509	72.129	3.61	5.15	5.77
1994-01-01	262021	195953	129393	9492	146.300	154.500	69.532	72.186	3.54	5.09	5.75
1994-02-01	262237	196090	129764	9262	146.700	154.800	69.693	72.342	3.87	5.40	5.97
1994-03-01	262491	196213	129718	8874	147.100	155.300	69.885	72.589	4.32	5.94	6.48
1994-04-01	262754	196363	129682	8078	147.200	155.500	69.968	72.698	4.82	6.52	6.97
1994-05-01	263014	196510	130602	7656	147.500	155.900	70.069	72.860	5.31	6.78	7.18
1994-06-01	263294	196693	132115	8251	147.900	156.400	70.241	73.021	5.27	6.70	7.10
1994-07-01	263580	196859	132783	8281	148.400	156.700	70.462	73.175	5.48	6.91	7.30
1994-08-01	263871	197043	132361	7868	149.000	157.100	70.623	73.257	5.56	6.88	7.24
1994-09-01	264159	197248	131155	7379	149.300	157.500	70.702	73.368	5.76	7.08	7.46
1994-10-01	264430	197430	131879	7155	149.400	157.800	70.822	73.540	6.11	7.40	7.74
1994-11-01	264681	197607	131869	6973	149.800	158.200	70.957	73.675	6.54	7.72	7.96
1994-12-01	264924	197765	131418	6690	150.100	158.300	71.003	73.700	7.14	7.78	7.81
1995-01-01	265157	197753	130698	8101	150.500	159.000	71.146	73.883	7.05	7.76	7.78
1995-02-01	265383	197886	131028	7685	150.900	159.400	71.272	74.004	6.70	7.37	7.47
1995-03-01	265625	198007	131423	7480	151.200	159.900	71.404	74.186	6.43	7.05	7.20
1995-04-01	265877	198148	131657	7378	151.800	160.400	71.592	74.358	6.27	6.86	7.06
1995-05-01	266134	198286	131739	7185	152.100	160.700	71.702	74.485	6.00	6.41	6.63
1995-06-01	266414	198453	133447	7727	152.400	161.100	71.772	74.549	5.64	5.93	6.17
1995-07-01	266700	198615	134440	7892	152.600	161.400	71.862	74.667	5.59	6.01	6.28
1995-08-01	266998	198801	133383	7457	152.900	161.800	72.017	74.846	5.75	6.24	6.49
1995-09-01	267304	199005	132341	7167	153.100	162.200	72.066	74.945	5.62	6.00	6.20
1995-10-01	267585	199192	132863	6884	153.500	162.700	72.253	75.127	5.59	5.86	6.04
1995-11-01	267829	199355	132622	7024	153.700	163.000	72.251	75.175	5.43	5.69	5.93
1995-12-01	268047	199508	132008	6872	153.900	163.100	72.390	75.281	5.31	5.51	5.71
1996-01-01	268258	199634	131396	8270	154.700	163.700	72.551	75.366	5.09	5.36	5.65
1996-02-01	268480	199773	131995	7858	155.000	164.000	72.665	75.464	4.94	5.38	5.81
1996-03-01	268724	199921	132692	7700	155.500	164.400	72.884	75.639	5.34	5.97	6.27
1996-04-01	268980	200101	132513	7124	156.100	164.600	73.103	75.741	5.54	6.30	6.51
1996-05-01	269247	200278	133558	7166	156.400	165.000	73.229	75.873	5.64	6.48	6.74
1996-06-01	269527	200459	135083	7377	156.700	165.400	73.228	75.931	5.81	6.69	6.91
1996-07-01	269822	200641	136272	7693	157.000	165.700	73.383	76.074	5.85	6.64	6.87
1996-08-01	270130	200847	135011	6868	157.200	166.000	73.453	76.140	5.67	6.39	6.64
1996-09-01	270433	201061	134230	6700	157.700	166.500	73.660	76.370	5.83	6.60	6.83
1996-10-01	270730	201273	135015	6577	158.200	166.800	73.883	76.552	5.55	6.27	6.53
1996-11-01	271002	201463	134973	6816	158.700	167.200	74.015	76.652	5.42	5.97	6.20
1996-12-01	271243	201636	134583	6680	159.100	167.400	74.100	76.682	5.47	6.07	6.30
1997-01-01	271472	202285	134317	7933	159.400	167.800	74.196	76.763	5.61	6.33	6.58
1997-02-01	271703	202389	134535	7647	159.700	168.100	74.352	76.921	5.53	6.20	6.42
1997-03-01	271952	202513	135524	7399	159.800	168.400	74.430	77.105	5.80	6.54	6.69
1997-04-01	272213	202674	135181	6551	159.900	168.900	74.503	77.255	5.99	6.76	6.89
1997-05-01	272482	202832	135963	6398	159.900	169.200	74.469	77.312	5.87	6.57	6.71
1997-06-01	272767	203000	137557	7094	160.200	169.400	74.565	77.426	5.69	6.38	6.49
1997-07-01	273074	203166	138331	6981	160.400	169.700	74.609	77.478	5.54	6.12	6.22
1997-08-01	273395	203364	137460	6594	160.800	169.800	74.669	77.448	5.56	6.16	6.30
1997-09-01	273703	203570	136375	6403	161.200	170.200	74.849	77.608	5.52	6.11	6.21
1997-10-01	273989	203767	136665	5995	161.500	170.600	74.946	77.726	5.46	5.93	6.03
1997-11-01	274249	203941	136912	5914	161.700	170.800	74.950	77.750	5.46	5.80	5.88
1997-12-01	274499	204098	136742	5957	161.800	171.200	74.934	77.794	5.53	5.77	5.81
1998-01-01	274732	204238	135951	7069	162.000	171.600	74.971	77.914	5.24	5.42	5.54
1998-02-01	274943	204400	136286	6804	162.000	171.900	74.932	77.980	5.31	5.49	5.57
1998-03-01	275175	204547	136967	6816	162.000	172.200	74.944	78.063	5.39	5.61	5.65
1998-04-01	275434	204731	136379	5643	162.200	172.500	75.037	78.207	5.38	5.61	5.64
1998-05-01	275700	204899	137240	5764	162.600	172.900	75.140	78.283	5.44	5.63	5.65
1998-06-01	275976	205085	138798	6534	162.800	173.200	75.076	78.184	5.41	5.52	5.50
1998-07-01	276266	205270	139336	6567	163.200	173.500	75.262	78.405	5.36	5.46	5.46
1998-08-01	276566	205479	138379	6173	163.400	174.000	75.366	78.558	5.21	5.27	5.34
1998-09-01	276859	205699	137903	6039	163.500	174.200	75.322	78.545	4.71	4.62	4.81
1998-10-01	277140	205919	138255	5831	163.900	174.400	75.487	78.698	4.12	4.18	4.53
1998-11-01	277402	206104	138288	5711	164.100	174.800	75.491	78.711	4.53	4.54	4.83
1998-12-01	277658	206270	138297	5565	164.400	175.400	75.567	78.847	4.52	4.45	4.65
1999-01-01	277891	206719	137943	6604	164.700	175.600	75.705	78.998	4.51	4.60	4.72
1999-02-01	278095	206873	138202	6563	164.700	175.600	75.687	78.999	4.70	4.91	5.00
1999-03-01	278324	207036	138418	6119	164.800	175.700	75.746	79.026	4.78	5.14	5.23
1999-04-01	278584	207236	138240	5688	165.900	176.300	76.096	79.210	4.69	5.08	5.18
1999-05-01	278859	207427	138919	5507	166.000	176.500	76.134	79.272	4.85	5.44	5.54
1999-06-01	279148	207632	140666	6271	166.000	176.600	76.150	79.306	5.10	5.81	5.90
1999-07-01	279448	207828	141119	6319	166.700	177.100	76.352	79.446	5.03	5.68	5.79
1999-08-01	279752	208038	140090	5826	167.100	177.300	76.486	79.480	5.20	5.84	5.94
1999-09-01	280053	208265	139217	5661	167.800	177.800	76.754	79.683	5.25	5.80	5.92
1999-10-01	280337	208483	139761	5372	168.100	178.100	76.876	79.809	5.43	6.03	6.11
1999-11-01	280594	208666	139895	5380	168.400	178.400	76.943	79.884	5.55	5.97	6.03
1999-12-01	280846	208832	139941	5245	168.800	178.700	77.128	79.992	5.84	6.19	6.28
2000-01-01	281083	211410	141228	6316	169.300	179.300	77.348	80.196	6.12	6.58	6.66
2000-02-01	281299	211576	141775	6284	170.000	179.400	77.597	80.321	6.22	6.68	6.52
2000-03-01	281531	211772	142123	6069	171.000	180.000	77.928	80.483	6.22	6.50	6.26
2000-04-01	281763	212018	142138	5212	170.900	180.300	77.851	80.522	6.15	6.26	5.99
2000-05-01	281996	212242	142144	5460	171.200	180.700	77.906	80.597	6.33	6.69	6.44
2000-06-01	282247	212466	143874	5959	172.200	181.100	78.161	80.647	6.17	6.30	6.10
2000-07-01	282504	212677	143797	6028	172.700	181.500	78.349	80.823	6.08	6.18	6.05
2000-08-01	282769	212916	143171	5863	172.700	181.900	78.340	80.921	6.18	6.06	5.83
2000-09-01	283033	213163	142149	5359	173.600	182.300	78.676	81.116	6.13	5.93	5.80
2000-10-01	283285	213405	142685	5153	173.900	182.600	78.787	81.234	6.01	5.78	5.74
2000-11-01	283523	213540	142797	5336	174.200	183.100	78.888	81.367	6.09	5.70	5.72
2000-12-01	283748	213736	143110	5264	174.600	183.300	78.991	81.425	5.60	5.17	5.24
2001-01-01	283960	213888	142828	6647	175.600	183.900	79.348	81.698	4.81	4.86	5.16
2001-02-01	284166	214110	143100	6523	176.000	184.400	79.458	81.827	4.68	4.89	5.10
2001-03-01	284380	214305	143664	6509	176.100	184.700	79.462	81.909	4.30	4.64	4.89
2001-04-01	284602	214525	143026	6004	176.400	185.100	79.605	82.044	3.98	4.76	5.14
2001-05-01	284834	214732	143023	5901	177.300	185.300	79.818	82.067	3.78	4.93	5.39
2001-06-01	285076	214950	144553	6816	177.700	186.000	79.962	82.253	3.58	4.81	5.28
2001-07-01	285324	215180	145097	6858	177.400	186.400	79.935	82.465	3.62	4.76	5.24
2001-08-01	285584	215420	143826	7017	177.400	186.700	79.929	82.511	3.47	4.57	4.97
2001-09-01	285842	215665	143601	6766	178.100	187.100	79.663	82.049	2.82	4.12	4.73
2001-10-01	286086	215903	144060	7175	177.600	187.400	79.952	82.637	2.33	3.91	4.57
2001-11-01	286315	216117	143987	7617	177.500	188.100	79.903	82.810	2.18	3.97	4.65
2001-12-01	286533	216315	144042	7773	177.400	188.400	79.819	82.829	2.22	4.39	5.09
2002-01-01	286739	216506	143228	9051	177.700	188.700	79.879	82.862	2.16	4.34	5.04
2002-02-01	286935	216663	144266	8823	178.000	189.100	80.011	83.017	2.23	4.30	4.91
2002-03-01	287131	216823	144334	8776	178.500	189.200	80.233	83.120	2.57	4.74	5.28
2002-04-01	287343	217006	144158	8255	179.300	189.700	80.580	83.366	2.48	4.65	5.21
2002-05-01	287571	217198	144527	7969	179.500	190.000	80.637	83.465	2.35	4.49	5.16
2002-06-01	287808	217407	145940	8758	179.600	190.200	80.735	83.594	2.20	4.19	4.93
2002-07-01	288051	217630	146189	8693	180.000	190.500	80.897	83.745	1.96	3.81	4.65
2002-08-01	288303	217866	145565	8271	180.500	191.100	81.048	83.900	1.76	3.29	4.26
2002-09-01	288554	218107	145167	7790	180.800	191.300	81.191	84.033	1.72	2.94	3.87
2002-10-01	288794	218340	145320	7769	181.200	191.500	81.342	84.109	1.65	2.95	3.94
2002-11-01	289012	218548	144854	8170	181.500	191.900	81.423	84.191	1.49	3.05	4.05
2002-12-01	289214	218741	144807	8209	181.800	192.100	81.494	84.260	1.45	3.03	4.03
2003-01-01	289412	219897	145301	9395	182.600	192.400	81.716	84.293	1.36	3.05	4.05
2003-02-01	289606	220114	145693	9260	183.600	192.500	82.039	84.383	1.30	2.90	3.90
2003-03-01	289809	220317	145801	9018	183.900	192.500	82.227	84.492	1.24	2.78	3.81
2003-04-01	290024	220540	145925	8501	183.200	192.500	82.063	84.558	1.27	2.93	3.96
2003-05-01	290250	220768	146067	8500	182.900	192.900	81.953	84.660	1.18	2.52	3.57
2003-06-01	290484	221014	148117	9649	183.100	193.000	82.030	84.695	1.01	2.27	3.33
2003-07-01	290726	221252	147822	9319	183.700	193.400	82.263	84.897	1.12	2.87	3.98
2003-08-01	290974	221507	146967	8830	184.500	193.600	82.529	84.979	1.31	3.37	4.45
2003-09-01	291222	221779	146166	8436	185.100	193.700	82.773	85.080	1.24	3.18	4.27
2003-10-01	291463	222039	146787	8169	184.900	194.000	82.767	85.218	1.25	3.19	4.29
2003-11-01	291677	222279	146969	8269	185.000	194.000	82.870	85.332	1.34	3.29	4.30
2003-12-01	291868	222509	146501	7945	185.500	194.200	83.064	85.452	1.31	3.27	4.27
2004-01-01	292046	222161	146068	9144	186.300	194.600	83.412	85.702	1.24	3.12	4.15
2004-02-01	292230	222357	146154	8770	186.700	194.900	83.608	85.862	1.24	3.07	4.08
2004-03-01	292434	222550	146525	8834	187.100	195.500	83.746	86.016	1.19	2.79	3.83
2004-04-01	292651	222757	146260	7837	187.400	195.900	83.898	86.238	1.43	3.39	4.35
2004-05-01	292872	222967	146659	7792	188.200	196.200	84.172	86.356	1.78	3.85	4.72
2004-06-01	293103	223196	148478	8616	188.900	196.600	84.415	86.496	2.12	3.93	4.73
2004-07-01	293350	223422	149217	8518	189.100	196.800	84.499	86.605	2.10	3.69	4.50
2004-08-01	293603	223677	148166	7940	189.200	196.900	84.546	86.642	2.02	3.47	4.28
2004-09-01	293857	223941	147186	7545	189.800	197.500	84.714	86.806	2.12	3.36	4.13
2004-10-01	294104	224192	147978	7531	190.800	197.900	85.077	86.994	2.23	3.35	4.10
2004-11-01	294337	224422	148246	7665	191.700	198.300	85.403	87.179	2.50	3.53	4.19
2004-12-01	294561	224640	147877	7599	191.700	198.600	85.446	87.287	2.67	3.60	4.23
2005-01-01	294768	224837	147125	8444	191.600	199.000	85.556	87.600	2.86	3.71	4.22
2005-02-01	294955	225041	147649	8549	192.400	199.400	85.791	87.740	3.03	3.77	4.17
2005-03-01	295149	225236	147745	7986	193.100	200.100	86.038	87.945	3.30	4.17	4.50
2005-04-01	295359	225441	148274	7335	193.700	200.200	86.266	88.032	3.32	4.00	4.34
2005-05-01	295582	225670	148878	7287	193.600	200.500	86.308	88.204	3.33	3.85	4.14
2005-06-01	295824	225911	150327	7870	193.700	200.600	86.357	88.259	3.36	3.77	4.00
2005-07-01	296077	226153	151122	7839	194.900	200.900	86.722	88.387	3.64	3.98	4.18
2005-08-01	296338	226421	150469	7327	196.100	201.100	87.069	88.455	3.87	4.12	4.26
2005-09-01	296606	226693	149838	7259	198.800	201.300	87.905	88.644	3.85	4.01	4.20
2005-10-01	296857	226959	150304	6964	199.100	202.000	88.038	88.890	4.18	4.33	4.46
2005-11-01	297089	227204	150239	7271	198.100	202.500	87.850	89.113	4.33	4.45	4.54
2005-12-01	297311	227425	149874	6956	198.100	202.800	87.851	89.207	4.35	4.39	4.47
2006-01-01	297526	227553	149090	7608	199.300	203.200	88.279	89.410	4.45	4.35	4.42
2006-02-01	297734	227763	149686	7692	199.400	203.600	88.323	89.544	4.68	4.57	4.57
2006-03-01	297950	227975	150027	7255	199.700	204.300	88.473	89.766	4.77	4.72	4.72
2006-04-01	298170	228199	150209	6804	200.700	204.800	88.850	90.000	4.90	4.90	4.99
2006-05-01	298401	228428	150696	6655	201.300	205.400	89.070	90.205	5.00	5.00	5.11
2006-06-01	298653	228671	152557	7341	201.800	205.900	89.285	90.427	5.16	5.07	5.11
2006-07-01	298910	228912	153208	7602	202.900	206.300	89.601	90.527	5.22	5.04	5.09
2006-08-01	299178	229167	152465	7086	203.800	206.800	89.885	90.713	5.08	4.82	4.88
2006-09-01	299452	229420	151635	6625	202.800	207.200	89.646	90.852	4.97	4.67	4.72
2006-10-01	299710	229675	152397	6272	201.900	207.600	89.428	91.011	5.01	4.69	4.73
2006-11-01	299950	229905	152590	6576	202.000	207.800	89.461	91.058	5.01	4.58	4.60
2006-12-01	300178	230108	152571	6491	203.100	208.100	89.789	91.190	4.94	4.53	4.56
2007-01-01	300398	230650	151924	7649	203.437	208.600	90.109	91.584	5.06	4.75	4.76
2007-02-01	300608	230834	151879	7400	204.226	209.135	90.394	91.787	5.05	4.71	4.72
2007-03-01	300823	231034	152236	6913	205.288	209.418	90.715	91.868	4.92	4.48	4.56
2007-04-01	301045	231253	151829	6532	205.904	209.747	90.906	91.973	4.93	4.59	4.69
2007-05-01	301278	231480	152350	6486	206.755	210.058	91.160	92.069	4.91	4.67	4.75
2007-06-01	301528	231713	154252	7295	207.234	210.392	91.352	92.219	4.96	5.03	5.10
2007-07-01	301790	231958	154871	7556	207.603	210.773	91.499	92.368	4.96	4.88	5.00
2007-08-01	302064	232211	153493	7088	207.667	211.119	91.558	92.503	4.47	4.43	4.67
2007-09-01	302334	232461	153400	6952	208.547	211.554	91.901	92.742	4.14	4.20	4.52
2007-10-01	302590	232715	153516	6773	209.190	212.077	92.162	92.963	4.10	4.20	4.53
2007-11-01	302834	232939	154035	6917	210.834	212.660	92.642	93.134	3.50	3.67	4.15
2007-12-01	303062	233156	153705	7371	211.445	213.168	92.855	93.319	3.26	3.49	4.10
2008-01-01	303280	232616	152828	8221	212.174	213.771	93.102	93.519	2.71	2.98	3.74
2008-02-01	303494	232809	152503	7953	212.687	213.939	93.298	93.621	2.05	2.78	3.74
2008-03-01	303707	232995	153135	8027	213.448	214.420	93.587	93.829	1.54	2.48	3.51
2008-04-01	303926	233198	153208	7287	213.942	214.560	93.785	93.912	1.74	2.84	3.68
2008-05-01	304157	233405	154003	8076	215.208	214.936	94.206	94.103	2.06	3.15	3.88
2008-06-01	304396	233627	155582	8933	217.463	215.424	94.876	94.299	2.42	3.49	4.10
2008-07-01	304646	233864	156300	9433	219.016	215.965	95.285	94.430	2.28	3.30	4.01
2008-08-01	304903	234107	155387	9479	218.690	216.393	95.204	94.543	2.18	3.14	3.89
2008-09-01	305158	234360	154509	9199	218.877	216.713	95.307	94.668	1.91	2.88	3.69
2008-10-01	305403	234612	155012	9469	216.995	216.788	94.727	94.593	1.42	2.73	3.81
2008-11-01	305620	234828	154624	10015	213.153	216.947	93.643	94.600	1.07	2.29	3.53
2008-12-01	305827	235035	154349	10999	211.398	216.925	93.139	94.580	0.49	1.52	2.42
2009-01-01	306035	234739	153445	13009	211.933	217.346	93.173	94.578	0.44	1.60	2.52
2009-02-01	306237	234913	153804	13699	212.705	217.792	93.363	94.679	0.62	1.87	2.87
2009-03-01	306438	235086	153728	13895	212.495	218.253	93.284	94.776	0.64	1.82	2.82
2009-04-01	306645	235271	153834	13248	212.709	218.706	93.432	95.003	0.55	1.86	2.93
2009-05-01	306863	235452	154336	13973	213.022	218.904	93.546	95.097	0.50	2.13	3.29
2009-06-01	307090	235655	155921	15095	214.790	219.112	94.100	95.214	0.51	2.71	3.72
2009-07-01	307322	235870	156255	15201	214.726	219.263	94.106	95.291	0.48	2.46	3.56
2009-08-01	307570	236087	154897	14823	215.445	219.496	94.378	95.430	0.46	2.57	3.59
2009-09-01	307826	236322	153617	14538	215.861	219.920	94.536	95.605	0.40	2.37	3.40
2009-10-01	308071	236550	153635	14547	216.509	220.501	94.899	95.961	0.37	2.33	3.39
2009-11-01	308289	236743	153539	14407	217.234	220.666	95.135	96.043	0.31	2.23	3.40
2009-12-01	308495	236924	152693	14740	217.347	220.881	95.175	96.108	0.37	2.34	3.59
2010-01-01	308706	236832	152957	16147	217.488	220.633	95.366	96.228	0.35	2.48	3.73
2010-02-01	308904	236998	153194	15991	217.281	220.731	95.351	96.298	0.35	2.36	3.69
2010-03-01	309095	237159	153660	15678	217.353	220.783	95.468	96.422	0.40	2.43	3.73
2010-04-01	309279	237329	153911	14609	217.403	220.822	95.507	96.456	0.45	2.58	3.85
2010-05-01	309457	237499	153866	14369	217.290	220.962	95.527	96.552	0.37	2.18	3.42
2010-06-01	309643	237690	154767	14885	217.199	221.194	95.474	96.584	0.32	2.00	3.20
2010-07-01	309847	237890	155270	15137	217.605	221.363	95.556	96.585	0.29	1.76	3.01
2010-08-01	310060	238099	154678	14759	217.923	221.509	95.684	96.674	0.26	1.47	2.70
2010-09-01	310280	238322	153854	14140	218.275	221.711	95.773	96.722	0.26	1.41	2.65
2010-10-01	310488	238530	153652	13903	219.035	221.830	96.057	96.843	0.23	1.18	2.54
2010-11-01	310677	238715	153698	14282	219.590	222.149	96.238	96.955	0.25	1.35	2.76
2010-12-01	310858	238889	153156	13997	220.472	222.343	96.456	96.975	0.29	1.93	3.29
2011-01-01	311023	238704	152536	14937	221.187	222.803	96.774	97.214	0.27	1.99	3.39
2011-02-01	311173	238851	152635	14542	221.898	223.213	97.054	97.396	0.29	2.26	3.58
2011-03-01	311333	239000	153022	14060	223.046	223.454	97.446	97.543	0.26	2.11	3.41
2011-04-01	311502	239146	152898	13237	224.093	223.727	97.854	97.761	0.25	2.17	3.46
2011-05-01	311678	239313	153449	13421	224.806	224.175	98.153	97.994	0.19	1.84	3.17
2011-06-01	311872	239489	154538	14409	224.806	224.697	98.136	98.106	0.18	1.58	3.00
2011-07-01	312077	239671	154812	14428	225.395	225.218	98.316	98.265	0.19	1.54	3.00
2011-08-01	312292	239871	154344	14008	226.106	225.862	98.555	98.470	0.11	1.02	2.30
2011-09-01	312509	240071	154022	13520	226.597	226.118	98.699	98.543	0.10	0.90	1.98
2011-10-01	312708	240269	154088	13102	226.750	226.506	98.705	98.596	0.11	1.06	2.15
2011-11-01	312889	240441	153683	12613	227.169	226.899	98.908	98.805	0.11	0.91	2.01
2011-12-01	313064	240584	153373	12692	227.223	227.405	98.965	98.971	0.12	0.89	1.98
2012-01-01	313227	242269	153485	13541	227.842	227.877	99.320	99.284	0.12	0.84	1.97
2012-02-01	313383	242435	154114	13430	228.329	228.034	99.556	99.439	0.16	0.83	1.97
2012-03-01	313546	242604	154316	12904	228.807	228.478	99.737	99.597	0.19	1.02	2.17
2012-04-01	313710	242784	153905	11910	229.187	228.905	99.873	99.753	0.18	0.89	2.05
2012-05-01	313883	242966	154998	12271	228.713	229.224	99.755	99.849	0.19	0.76	1.80
2012-06-01	314072	243155	156385	13184	228.524	229.623	99.701	99.948	0.19	0.71	1.62
2012-07-01	314272	243354	156526	13400	228.590	229.970	99.738	100.052	0.19	0.62	1.53
2012-08-01	314489	243566	155255	12696	229.918	230.233	100.070	100.111	0.18	0.71	1.68
2012-09-01	314703	243772	155075	11742	231.015	230.659	100.378	100.238	0.18	0.67	1.72
2012-10-01	314905	243983	155779	11741	231.638	231.024	100.672	100.476	0.18	0.71	1.75
2012-11-01	315092	244174	154953	11404	231.249	231.330	100.605	100.586	0.18	0.67	1.65
2012-12-01	315258	244350	154904	11844	231.221	231.725	100.595	100.667	0.16	0.70	1.72
2013-01-01	315400	244663	154794	13181	231.679	232.229	100.782	100.865	0.15	0.81	1.91
2013-02-01	315535	244828	154727	12500	232.937	232.569	101.149	100.984	0.16	0.85	1.98
2013-03-01	315682	244995	154512	11815	232.282	232.794	101.015	101.076	0.15	0.82	1.96
2013-04-01	315841	245175	154739	11014	231.797	232.832	100.940	101.160	0.12	0.71	1.76
2013-05-01	316016	245363	155734	11302	231.893	232.996	101.006	101.268	0.12	0.84	1.93
2013-06-01	316202	245552	157089	12248	232.445	233.350	101.226	101.437	0.14	1.20	2.30
2013-07-01	316405	245756	157196	12083	232.900	233.880	101.351	101.565	0.12	1.40	2.58
2013-08-01	316627	245959	155971	11462	233.456	234.336	101.503	101.678	0.13	1.52	2.74
2013-09-01	316846	246168	155536	10885	233.544	234.700	101.545	101.795	0.12	1.60	2.81
2013-10-01	317055	246381	154918	10773	233.669	234.921	101.711	102.004	0.12	1.37	2.62
2013-11-01	317248	246567	155046	10271	234.100	235.359	101.865	102.176	0.12	1.37	2.72
2013-12-01	317429	246745	154408	9984	234.719	235.759	102.065	102.311	0.13	1.58	2.90
2014-01-01	317598	246915	154381	10855	235.288	235.961	102.254	102.399	0.12	1.65	2.86
2014-02-01	317758	247085	155027	10893	235.547	236.185	102.308	102.454	0.12	1.52	2.71
2014-03-01	317924	247258	155627	10537	236.028	236.625	102.509	102.646	0.13	1.64	2.72
2014-04-01	318098	247439	154845	9079	236.468	237.072	102.698	102.829	0.11	1.70	2.71
2014-05-01	318284	247622	155841	9443	236.918	237.529	102.866	103.000	0.10	1.59	2.56
2014-06-01	318479	247814	156997	9893	237.231	237.837	102.976	103.113	0.10	1.68	2.60
2014-07-01	318692	248023	157573	10307	237.498	238.195	103.128	103.298	0.11	1.70	2.54
2014-08-01	318921	248229	156434	9787	237.460	238.405	103.110	103.332	0.11	1.63	2.42
2014-09-01	319149	248446	155903	8962	237.477	238.786	103.132	103.456	0.11	1.77	2.53
2014-10-01	319367	248657	156616	8680	237.430	239.191	103.103	103.546	0.10	1.55	2.30
2014-11-01	319561	248844	156297	8630	236.983	239.458	103.021	103.653	0.13	1.62	2.33
2014-12-01	319742	249027	155521	8331	236.252	239.584	102.852	103.737	0.21	1.64	2.21
2015-01-01	319904	249723	156050	9498	234.747	239.811	102.374	103.712	0.20	1.37	1.88
2015-02-01	320053	249899	156213	9095	235.342	240.172	102.542	103.815	0.22	1.47	1.98
2015-03-01	320215	250080	156318	8682	235.976	240.755	102.739	103.975	0.25	1.52	2.04
2015-04-01	320390	250266	156554	7966	236.222	241.346	102.822	104.155	0.23	1.35	1.94
2015-05-01	320574	250455	157719	8370	237.001	241.688	103.072	104.289	0.24	1.54	2.20
2015-06-01	320769	250663	158283	8638	237.657	242.064	103.276	104.419	0.28	1.68	2.36
2015-07-01	320982	250876	158527	8805	238.034	242.565	103.366	104.517	0.30	1.63	2.32
2015-08-01	321205	251096	157390	8162	238.033	242.817	103.373	104.601	0.38	1.54	2.17
2015-09-01	321428	251325	156607	7628	237.498	243.316	103.229	104.743	0.37	1.49	2.17
2015-10-01	321641	251541	157313	7597	237.733	243.768	103.221	104.767	0.26	1.39	2.07
2015-11-01	321834	251747	157340	7573	238.017	244.241	103.292	104.887	0.48	1.67	2.26
2015-12-01	322020	251936	157245	7542	237.761	244.547	103.216	104.964	0.65	1.70	2.24
2016-01-01	322196	252397	157347	8309	237.827	245.075	103.313	105.187	0.54	1.52	2.09
2016-02-01	322353	252577	158279	8219	237.514	245.644	103.247	105.355	0.53	1.22	1.78
2016-03-01	322513	252768	158854	8116	237.990	245.964	103.415	105.487	0.66	1.38	1.89
2016-04-01	322685	252969	158488	7413	238.835	246.467	103.763	105.742	0.56	1.26	1.81
2016-05-01	322867	253174	158800	7207	239.440	247.036	103.930	105.902	0.59	1.30	1.81
2016-06-01	323061	253397	160135	8144	240.144	247.435	104.139	106.032	0.55	1.17	1.64
2016-07-01	323265	253620	160705	8267	240.111	247.791	104.202	106.218	0.51	1.07	1.50
2016-08-01	323473	253854	159800	7996	240.595	248.371	104.380	106.425	0.57	1.13	1.56
2016-09-01	323680	254091	159636	7658	241.068	248.709	104.516	106.527	0.59	1.18	1.63
2016-10-01	323876	254321	159783	7447	241.641	249.068	104.744	106.694	0.66	1.27	1.76
2016-11-01	324052	254540	159451	7066	241.993	249.502	104.792	106.759	0.74	1.60	2.14
2016-12-01	324216	254742	158968	7170	242.712	249.959	105.005	106.897	0.87	1.96	2.49
2017-01-01	324362	254082	158676	8149	243.717	250.519	105.392	107.172	0.83	1.92	2.43
2017-02-01	324494	254246	159482	7887	244.028	250.987	105.499	107.332	0.82	1.90	2.42
2017-03-01	324632	254414	159912	7284	243.721	250.894	105.373	107.250	1.01	2.01	2.48
2017-04-01	324783	254588	159817	6555	244.058	251.129	105.617	107.491	1.04	1.82	2.30
2017-05-01	324944	254767	159979	6572	243.926	251.372	105.607	107.601	1.12	1.84	2.30
2017-06-01	325117	254957	161337	7250	244.179	251.714	105.739	107.765	1.20	1.77	2.19
2017-07-01	325296	255151	161911	7441	244.328	252.009	105.784	107.841	1.22	1.87	2.32
2017-08-01	325476	255357	160863	7287	245.304	252.562	106.040	107.971	1.23	1.78	2.21
2017-09-01	325653	255562	161049	6556	246.445	252.888	106.429	108.157	1.28	1.80	2.20
2017-10-01	325820	255766	160465	6242	246.570	253.534	106.596	108.458	1.40	1.98	2.36
2017-11-01	325968	255949	160466	6286	247.333	253.855	106.788	108.532	1.56	2.05	2.35
2017-12-01	326100	256109	159880	6278	247.847	254.380	106.943	108.693	1.70	2.18	2.40
2018-01-01	326216	256780	160037	7189	248.816	255.106	107.290	108.991	1.80	2.38	2.58
2018-02-01	326323	256934	161494	7091	249.475	255.570	107.528	109.202	1.96	2.60	2.86
2018-03-01	326437	257097	161548	6671	249.413	256.075	107.637	109.442	2.06	2.63	2.84
2018-04-01	326563	257272	161280	5932	249.957	256.487	107.865	109.639	2.15	2.70	2.87
2018-05-01	326699	257454	161765	5756	250.640	257.057	108.104	109.869	2.27	2.82	2.98
2018-06-01	326847	257642	163277	6812	251.176	257.422	108.273	109.993	2.33	2.78	2.91
2018-07-01	327005	257843	163734	6730	251.482	257.902	108.379	110.136	2.39	2.78	2.89
2018-08-01	327167	258066	161909	6370	251.905	258.065	108.464	110.161	2.45	2.77	2.89
2018-09-01	327328	258290	161958	5766	252.261	258.606	108.661	110.401	2.56	2.89	3.00
2018-10-01	327477	258514	162723	5771	252.777	258.993	108.816	110.528	2.65	3.00	3.15
2018-11-01	327607	258708	162665	5650	252.662	259.488	108.893	110.746	2.70	2.95	3.12
2018-12-01	327722	258888	162510	6029	252.653	259.986	108.958	110.954	2.66	2.68	2.83
2019-01-01	327824	258239	162104	7140	252.550	260.566	108.872	111.002	2.58	2.54	2.71
2019-02-01	327921	258392	162793	6625	253.181	260.898	109.003	111.045	2.55	2.49	2.68
2019-03-01	328025	258537	162823	6382	254.095	261.317	109.252	111.174	2.49	2.37	2.57
2019-04-01	328140	258693	162097	5387	254.943	261.835	109.609	111.493	2.42	2.33	2.53
2019-05-01	328267	258861	162655	5503	255.167	262.199	109.720	111.632	2.34	2.19	2.40
2019-06-01	328404	259037	164120	6292	255.402	262.925	109.849	111.874	2.00	1.83	2.07
2019-07-01	328561	259225	164941	6556	256.087	263.587	110.042	112.057	1.96	1.83	2.06
2019-08-01	328730	259432	164019	6203	256.294	264.180	110.115	112.216	1.77	1.49	1.63
2019-09-01	328897	259638	163943	5465	256.593	264.682	110.167	112.302	1.80	1.57	1.70
2019-10-01	329054	259845	164576	5510	257.229	264.987	110.377	112.448	1.61	1.53	1.71
2019-11-01	329191	260020	164386	5441	257.824	265.501	110.461	112.501	1.57	1.64	1.81
2019-12-01	329314	260181	164007	5503	258.444	265.832	110.750	112.753	1.55	1.68	1.86
2020-01-01	329423	259502	163497	6504	258.820	266.476	110.917	112.949	1.53	1.56	1.76
2020-02-01	329527	259628	164235	6218	259.050	267.070	111.014	113.121	1.41	1.32	1.50
2020-03-01	329638	259758	162537	7370	257.953	266.795	110.717	113.013	0.33	0.59	0.87
2020-04-01	329760	259896	155830	22504	255.902	265.601	110.131	112.526	0.18	0.39	0.66
2020-05-01	329894	260047	157975	20514	255.768	265.441	110.314	112.755	0.16	0.34	0.67
2020-06-01	330038	260204	160883	18072	257.214	266.065	110.859	113.145	0.18	0.34	0.73
2020-07-01	330199	260373	161374	16882	258.723	267.715	111.152	113.466	0.15	0.28	0.62
2020-08-01	330368	260558	160966	13742	259.681	268.747	111.482	113.818	0.13	0.27	0.65
2020-09-01	330535	260742	160073	12277	260.209	269.264	111.658	114.019	0.13	0.27	0.68
2020-10-01	330692	260925	161053	10620	260.325	269.296	111.689	114.038	0.13	0.34	0.79
2020-11-01	330829	261085	160468	10264	260.817	269.887	111.694	114.041	0.12	0.39	0.87
2020-12-01	330983	261230	160017	10404	261.775	270.117	112.169	114.389	0.10	0.39	0.93
